make,model,version,locale
APPIA,110,110 CITIPLUS,es_AR
APPIA,110,110 CITIPLUS C/DISCO,es_AR
APPIA,110,110 VECTRA,es_AR
APPIA,110,110 VECTRA ANDINA,es_AR
APPIA,125,125 BERAKA,es_AR
APPIA,125,125 GEREMY,es_AR
APPIA,125,125 REGIA,es_AR
APPIA,150,150 BREZZA,es_AR
APPIA,150,150 LEYENDA,es_AR
APPIA,150,150 MONTERO,es_AR
APPIA,150,150 STRONGER,es_AR
APPIA,150,150 VECTRA BLESS,es_AR
APPIA,200,200 HARDWIND,es_AR
APRILIA,RSV4,1000 RSV4 RF,es_AR
APRILIA,RSV4,1000 RSV4 RR,es_AR
APRILIA,1100,1100 RSV4 RF,es_AR
APRILIA,1100,1100 TUONO RF,es_AR
APRILIA,1100,1100 TUONO RR,es_AR
APRILIA,1200,1200 CAPONORD RALLY,es_AR
APRILIA,150,150 STX,es_AR
APRILIA,200,200 SCARABEO,es_AR
APRILIA,250,250 ATLANTIC,es_AR
APRILIA,250,250 SCARABEO,es_AR
APRILIA,300,300 SPORT CITY,es_AR
APRILIA,4.5,4.5 ENDURO,es_AR
APRILIA,5.5,5.5 MOTARD,es_AR
APRILIA,500,500 ATLANTIC,es_AR
APRILIA,500,500 SCARABEO,es_AR
APRILIA,650,650 PEGASO TRIAL,es_AR
APRILIA,750,750 DORSODURO,es_AR
APRILIA,750,750 SHIVER,es_AR
APRILIA,900,900 DORSODURO,es_AR
APRILIA,900,900 SHIVER,es_AR
BABOON,SPORT,SPORT 110,es_AR
BABOON,SPORT,SPORT 200,es_AR
BABOON,SPORT,SPORT 250,es_AR
BABOON,SPORT,SPORT 250 LIMIT,es_AR
BAJAJ,AVENGER,AVENGER 200,es_AR
BAJAJ,AVENGER,AVENGER 220 CRUISE,es_AR
BAJAJ,AVENGER,AVENGER 220 STREET,es_AR
BAJAJ,BOXER,BOXER AT 150,es_AR
BAJAJ,BOXER,BOXER RT 150,es_AR
BAJAJ,DISCOVER,DISCOVER 125,es_AR
BAJAJ,DISCOVER,DISCOVER 125 ST,es_AR
BAJAJ,DOMINAR,DOMINAR 250,es_AR
BAJAJ,DOMINAR,DOMINAR 400,es_AR
BAJAJ,DOMINAR,DOMINAR 400 NEW 2019,es_AR
BAJAJ,PULSAR,PULSAR 150,es_AR
BAJAJ,PULSAR,PULSAR 200,es_AR
BAJAJ,ROUSER,ROUSER 135 LS,es_AR
BAJAJ,ROUSER,ROUSER 150,es_AR
BAJAJ,ROUSER,ROUSER 160 NS,es_AR
BAJAJ,ROUSER,ROUSER 180,es_AR
BAJAJ,ROUSER,ROUSER 200 AS,es_AR
BAJAJ,ROUSER,ROUSER 200 NS,es_AR
BAJAJ,ROUSER,ROUSER 200 NS FI,es_AR
BAJAJ,ROUSER,ROUSER 200 RS,es_AR
BAJAJ,ROUSER,ROUSER 220 F,es_AR
BAJAJ,ROUSER,ROUSER 125 NS,es_AR
BAJAJ,V 15,V 15 150 VIKRANT,es_AR
BAJAJ,XCD125,XCD 125,es_AR
BENELLI,CAFFENERO,CAFFENERO 150,es_AR
BENELLI,IMPERIALE,IMPERIALE 400,es_AR
BENELLI,KEEWAY,KEEWAY KLIGHT 202,es_AR
BENELLI,LEONCINO,LEONCINO 250,es_AR
BENELLI,LEONCINO,LEONCINO 500,es_AR
BENELLI,RK,RK 150,es_AR
BENELLI,RK6,RK6 600,es_AR
BENELLI,S 180,S 180,es_AR
BENELLI,SETA,SETA 125,es_AR
BENELLI,SPORT,SPORT CRUISER 502 C,es_AR
BENELLI,TARGET,TARGET 125,es_AR
BENELLI,TNT,TNT 135,es_AR
BENELLI,TNT,TNT 150,es_AR
BENELLI,TNT,TNT 250,es_AR
BENELLI,TNT,TNT 300,es_AR
BENELLI,TNT,TNT 302 R,es_AR
BENELLI,TNT,TNT 302 S,es_AR
BENELLI,TNT,TNT 600,es_AR
BENELLI,TNT,TNT 600 GT,es_AR
BENELLI,TNT,TNT 600 I,es_AR
BENELLI,TRK,TRK 251 FULL,es_AR
BENELLI,TRK,TRK 251 ST,es_AR
BENELLI,TRK,TRK 502,es_AR
BENELLI,TRK,TRK 502 X,es_AR
BENELLI,TX,TX 200 EN,es_AR
BENELLI,ZAFFERANO,ZAFFERANO 250,es_AR
BETA,B 52,(BICICLETA ELECTRICA) B 52,es_AR
BETA,SMART,(BICICLETA ELECTRICA) SMART,es_AR
BETA,AKVO,AKVO 150,es_AR
BETA,AKVO,AKVO 160 RR,es_AR
BETA,AKVO,AKVO 200,es_AR
BETA,AKVO,AKVO 200 RR,es_AR
BETA,ARROW,ARROW 80 SCOOBY,es_AR
BETA,ARROW,ARROW 150,es_AR
BETA,ARROW,ARROW 150 TEMPO DELUXE,es_AR
BETA,BK,BK 150 OHC,es_AR
BETA,BKS,BKS 300 UTILITY,es_AR
BETA,BOY,BOY 100,es_AR
BETA,BS,BS 110,es_AR
BETA,BS,BS 110 FULL,es_AR
BETA,BUGUI,BUGUI ADVENTURE BASE 4T 1,es_AR
BETA,BUGUI,BUGUI ADVENTURE FULL 4T 1,es_AR
BETA,CARGA,CARGA 50 2T,es_AR
BETA,CHRONO,CHRONO 250,es_AR
BETA,EURO,EURO 300,es_AR
BETA,FINDER,FINDER 300 (CUATRI),es_AR
BETA,FOUR,FOUR 90,es_AR
BETA,GRINDER,GRINDER 150 4T (CUATRI),es_AR
BETA,MINICROSS,MINICROSS 50 KINDER 2T,es_AR
BETA,MINICROSS,MINICROSS 50 PRO RACE 2T,es_AR
BETA,MINICROSS,MINICROSS 50 PRO RACE 2T USA,es_AR
BETA,MOTARD,MOTARD 2.0,es_AR
BETA,MOTARD,MOTARD 2.5,es_AR
BETA,NEOS,NEOS 50 FULL 2T,es_AR
BETA,PANDA,PANDA 50,es_AR
BETA,PANDA,PANDA 70 4T,es_AR
BETA,QM,QM 200,es_AR
BETA,RR,RR 50 2T RACING,es_AR
BETA,RR,RR 50 4T KINDER,es_AR
BETA,RR,RR 110 MINI CROSS,es_AR
BETA,RR,RR 125 2T,es_AR
BETA,RR,RR 125 RACING,es_AR
BETA,RR,RR 125 RACING BIG WHELL,es_AR
BETA,RR,RR 125 STD,es_AR
BETA,RR,RR 300 2T,es_AR
BETA,RR,RR 350 ENDURO,es_AR
BETA,RR,RR 390 ENDURO,es_AR
BETA,RR,RR 450 ENDURO,es_AR
BETA,RR,RR 525 ENDURO,es_AR
BETA,SCOOBY,SCOOBY 80,es_AR
BETA,TR,TR 2.0 200,es_AR
BETA,TR,TR 2.5 250,es_AR
BETA,WORKER,WORKER 250 CUATRI,es_AR
BETA,ZONTES,ZONTES 310 R,es_AR
BETA,ZONTES,ZONTES 310 T ADVENTURE,es_AR
BETA,ZONTES,ZONTES 310 T2 C/LLANTAS,es_AR
BETA,ZONTES,ZONTES 310 T2 C/RAYOS/BAULES,es_AR
BETA,ZONTES,ZONTES 310 T2 RAYOS,es_AR
BETA,ZONTES,ZONTES 310 X,es_AR
BLACKSTONE,BKS,BKS 200,es_AR
BLACKSTONE,BKS,BKS 300,es_AR
BLOOWER,110,110 FREE TRAXX,es_AR
BLOOWER,110,110 MONTANA,es_AR
BLOOWER,110,110 SPEED COBRA,es_AR
BLOOWER,150,150 RUNNER,es_AR
BLOOWER,250,250 DISCOVERY,es_AR
BLOOWER,250,250 GENESIS,es_AR
BLOOWER,250,250 HIGHLANDER,es_AR
BLOOWER,250,250 LIGHTING,es_AR
BLOOWER,250,250 SPORT,es_AR
BLOOWER,350,350 EXTREME NEW,es_AR
BLOOWER,350,350 NITRO S SPEED,es_AR
BLOOWER,400,400 HIGHLANDER CVT,es_AR
BLOOWER,450,450 SAMURAI,es_AR
BLOOWER,50,50 MINI,es_AR
BLOOWER,50,50 SMART,es_AR
BLOOWER,500,500 BASOOKA CVT,es_AR
BLOOWER,70,70 SMART,es_AR
BLOOWER,700,700 VOYAGER EXPLORER,es_AR
BLOOWER,90,90 MINT,es_AR
BLOOWER,90,90 SMART,es_AR
BMW,C 600,C 600 SPORT,es_AR
BMW,C650,C 650 GT,es_AR
BMW,C650,C 650 SPORT,es_AR
BMW,F 650,F 650 GS DAKAR,es_AR
BMW,F 650,F 650 GS L/N 10,es_AR
BMW,F 650,F 650 GS PREMIUM,es_AR
BMW,F 700,F 700 GS FULL,es_AR
BMW,F 700,F 700 GS SPORT,es_AR
BMW,F 750,F 750 GS,es_AR
BMW,F 750,F 750 GS SPORT,es_AR
BMW,F 800,F 800 GS,es_AR
BMW,F 800,F 800 GS ADVENTURE,es_AR
BMW,F 800,F 800 R,es_AR
BMW,F 800,F 800 ST,es_AR
BMW,F 850,F 850 GS,es_AR
BMW,G 310,G 310 GS,es_AR
BMW,G 310,G 310 R,es_AR
BMW,G 450,G 450 X,es_AR
BMW,G 650,G 650 GS,es_AR
BMW,G 650,G 650 GS SERTAO,es_AR
BMW,G 650,G 650 X COUNTRY,es_AR
BMW,HP4,HP4 1000 RACE,es_AR
BMW,K 1100,K 1100 RS,es_AR
BMW,K 1200,K 1200 GT,es_AR
BMW,K 1200,K 1200 LT,es_AR
BMW,K 1200,K 1200 R,es_AR
BMW,K 1200,K 1200 S,es_AR
BMW,K 1300,K 1300 GT,es_AR
BMW,K 1300,K 1300 R,es_AR
BMW,K 1300,K 1300 S,es_AR
BMW,K 1600,K 1600 B,es_AR
BMW,K 1600,K 1600 GT,es_AR
BMW,K 1600,K 1600 GTL,es_AR
BMW,K 1600,K 1600 GTL EXCLUSIVE,es_AR
BMW,R 1100,R 1100 RT,es_AR
BMW,R 1200,R 1200 GS,es_AR
BMW,R1200,R 1200 GS ADVENTURE,es_AR
BMW,R 1200,R 1200 GS SPORT,es_AR
BMW,R 1200,R 1200 NINE T,es_AR
BMW,R 1200,R 1200 NINE T PURE,es_AR
BMW,R 1200,R 1200 NINE T RACER,es_AR
BMW,R 1200,R 1200 NINE T SCRAMBLER,es_AR
BMW,R 1200,R 1200 R,es_AR
BMW,R 1200,R 1200 R NINE T URBAN GS,es_AR
BMW,R 1200,R 1200 RS,es_AR
BMW,R 1200,R 1200 RT,es_AR
BMW,R 1250,R 1250 GS,es_AR
BMW,R 1250,R 1250 GS ADVENTURE,es_AR
BMW,S1000,S 1000 R,es_AR
BMW,S1000,S 1000 RR,es_AR
BMW,S1000,S 1000 RR FULL,es_AR
BMW,S1000,S 1000 XR,es_AR
BRAVA,ALPINA,ALPINA 110,es_AR
BRAVA,ALPINA,ALPINA 125,es_AR
BRAVA,ALTINO,ALTINO 150,es_AR
BRAVA,ALTINO,ALTINO 150 R,es_AR
BRAVA,ALTINO,ALTINO 180,es_AR
BRAVA,ALTINO,ALTINO 200,es_AR
BRAVA,ALTINO,ALTINO 200 EFI,es_AR
BRAVA,APOLO,APOLO 110,es_AR
BRAVA,AQUILA,AQUILA 200,es_AR
BRAVA,ATHENE,ATHENE 125,es_AR
BRAVA,DAYSTAR,DAYSTAR 250 ROUTIER,es_AR
BRAVA,ELEKTRA,ELEKTRA 150,es_AR
BRAVA,JUMPER,JUMPER 200,es_AR
BRAVA,LAZER,LAZER 70,es_AR
BRAVA,LAZER,LAZER 150,es_AR
BRAVA,NEPAL,NEPAL 250,es_AR
BRAVA,NEVADA,NEVADA 100,es_AR
BRAVA,NEVADA,NEVADA 110,es_AR
BRAVA,NEVADA,NEVADA 110 AUTOMATICA,es_AR
BRAVA,NEVADA,NEVADA 110 BASE,es_AR
BRAVA,NEVADA,NEVADA 110 FULL,es_AR
BRAVA,NEVADA,NEVADA 110 R/D,es_AR
BRAVA,NEVADA,NEVADA 125,es_AR
BRAVA,NEVADA,NEVADA 125 SP,es_AR
BRAVA,TEXANA,TEXANA 200 HS,es_AR
BRAVA,TEXANA,TEXANA 250 HS,es_AR
BRAVA,WINSTAR,WINSTAR 150,es_AR
CAGIVA,VELIMOTOR,VELIMOTOR 110 ACCESS,es_AR
CAGIVA,VENTO,VENTO 150 PHANTOM,es_AR
CAGIVA,VL,VL 200 ST-6,es_AR
CAGIVA,VL,VL 250 ST-6,es_AR
CAN-AM,COMMANDER,COMMANDER 1000 XT,es_AR
CAN-AM,DAYTONA,DAYTONA,es_AR
CAN-AM,DEFENDER,DEFENDER HD 8 BASE,es_AR
CAN-AM,DEFENDER,DEFENDER HD 8 DPS,es_AR
CAN-AM,DEFENDER,DEFENDER HD 8 MAX DPS,es_AR
CAN-AM,DEFENDER,DEFENDER HD10 MAX LONE STAR,es_AR
CAN-AM,DEFENDER,DEFENDER HD10 MAX XT CAMO,es_AR
CAN-AM,DEFENDER,DEFENDER HD10 MAX XT PM,es_AR
CAN-AM,DEFENDER,DEFENDER HD10 XT CAMO,es_AR
CAN-AM,DEFENDER,DEFENDER HD10 XT PM,es_AR
CAN-AM,DEFENDER,DEFENDER HD5,es_AR
CAN-AM,DEFENDER,DEFENDER HD5 DPS,es_AR
CAN-AM,DS,DS 90,es_AR
CAN-AM,DS,DS 250,es_AR
CAN-AM,DS,DS 450,es_AR
CAN-AM,MAVERICK,MAVERICK 1000 XRS MAX L2016,es_AR
CAN-AM,MAVERICK,MAVERICK TRAIL 1000 DPS,es_AR
CAN-AM,MAVERICK,MAVERICK TRAIL 800 BASE,es_AR
CAN-AM,MAVERICK,MAVERICK TRAIL 800 DPS,es_AR
CAN-AM,MAVERICK,MAVERICK X3 120 HP,es_AR
CAN-AM,MAVERICK,MAVERICK X3 STD,es_AR
CAN-AM,MAVERICK,MAVERICK X3 XRC TURBO,es_AR
CAN-AM,MAVERICK,MAVERICK X3 XRS MAX,es_AR
CAN-AM,MAVERICK,MAVERICK X3 XRS SMART LOK,es_AR
CAN-AM,MAVERICK,MAVERICK X3 XRS TURBO,es_AR
CAN-AM,OUTLANDER,OUTLANDER 400 MAX XT,es_AR
CAN-AM,OUTLANDER,OUTLANDER 400 STD,es_AR
CAN-AM,OUTLANDER,OUTLANDER 450 MAX L DPS,es_AR
CAN-AM,OUTLANDER,OUTLANDER 500,es_AR
CAN-AM,OUTLANDER,OUTLANDER 570 DPS,es_AR
CAN-AM,OUTLANDER,OUTLANDER 570 L PRO,es_AR
CAN-AM,OUTLANDER,OUTLANDER 570 MAX DPS,es_AR
CAN-AM,OUTLANDER,OUTLANDER 570 MAX XT,es_AR
CAN-AM,OUTLANDER,OUTLANDER 650,es_AR
CAN-AM,OUTLANDER,OUTLANDER 650 MAX XT CAMO,es_AR
CAN-AM,OUTLANDER,OUTLANDER 650 XT,es_AR
CAN-AM,OUTLANDER,OUTLANDER 650 XT L/17,es_AR
CAN-AM,OUTLANDER,OUTLANDER 800,es_AR
CAN-AM,OUTLANDER,OUTLANDER 850 MAX XT,es_AR
CAN-AM,OUTLANDER,OUTLANDER 850 MAX XT-P,es_AR
CAN-AM,OUTLANDER,OUTLANDER 1000 MAX LTD,es_AR
CAN-AM,OUTLANDER,OUTLANDER 1000 MAX XT-P,es_AR
CAN-AM,OUTLANDER,OUTLANDER 1000 XT-P,es_AR
CAN-AM,RENEGADE,RENEGADE 500,es_AR
CAN-AM,RENEGADE,RENEGADE 570 STD,es_AR
CAN-AM,RENEGADE,RENEGADE 800,es_AR
CAN-AM,RENEGADE,RENEGADE 850 XXC,es_AR
CAN-AM,RENEGADE,RENEGADE 1000,es_AR
CAN-AM,RENEGAGE,RENEGAGE 1000 XXC,es_AR
CAN-AM,ROADSTER,ROADSTER SPYDER RS SPORT,es_AR
CAN-AM,ROADSTER,ROADSTER SPYDER RT-S TOURING,es_AR
CAN-AM,SPYDER,SPYDER 1100 F3-S DAYTONA 500,es_AR
CAN-AM,SPYDER,SPYDER 1300 F3-S,es_AR
CERRO,CE,CE 50-6 SUNNY,es_AR
CERRO,CE,CE 110-21 BIX,es_AR
CERRO,CE,CE 110-21 BIX TUNNING NEW,es_AR
CERRO,CE,CE 125-J,es_AR
CERRO,CE,CE 125-R9 SCOOTER 4T,es_AR
CERRO,CE,CE 150,es_AR
CERRO,CE,CE 200-S 2C SPEED,es_AR
CERRO,CE,CE 250-16 PRINCE,es_AR
CERRO,CE,CE 250-16 ROUTER,es_AR
CERRO,CE,CE 250-2 FORMER,es_AR
CERRO,CE,CE 250S-6 XTREME,es_AR
CERRO,COLT,COLT 200,es_AR
CF,CFORCE,CFORCE 520 L,es_AR
CF,CFORCE,CFORCE 550,es_AR
CF,CFORCE,CFORCE 800,es_AR
CF,CFORCE,CFORCE 1000,es_AR
CF,UFORCE,UFORCE 550,es_AR
CF,UFORCE,UFORCE 1000,es_AR
CF,ZFORCE,ZFORCE 550 EX,es_AR
CF,ZFORCE,ZFORCE 800 EX,es_AR
CF,ZFORCE,ZFORCE 1000,es_AR
CF,ZFORCE,ZFORCE 1000 SPORT,es_AR
CHIRETTE,110,110 CUB,es_AR
CHIRETTE,150,150 MOTO,es_AR
CORVEN,DAX,DAX 70,es_AR
CORVEN,ENERGY,ENERGY 110 AD,es_AR
CORVEN,ENERGY,ENERGY 110 RT,es_AR
CORVEN,ENERGY,ENERGY 110 S FULL,es_AR
CORVEN,ENERGY,ENERGY 110 TUNNING,es_AR
CORVEN,ENERGY,ENERGY 125,es_AR
CORVEN,EXPERT,EXPERT 80,es_AR
CORVEN,EXPERT,EXPERT 150,es_AR
CORVEN,EXPERT,EXPERT 150 MILANO,es_AR
CORVEN,HUNTER,HUNTER 150 AD,es_AR
CORVEN,HUNTER,HUNTER 150 AD R2,es_AR
CORVEN,HUNTER,HUNTER 150 RT,es_AR
CORVEN,HUNTER,HUNTER 200 NAKED,es_AR
CORVEN,HUNTER,HUNTER 160,es_AR
CORVEN,INDIANA,INDIANA 256,es_AR
CORVEN,MEDAL,MEDAL 170,es_AR
CORVEN,MIRAGE,MIRAGE 110 AD,es_AR
CORVEN,MIRAGE,MIRAGE 110 RT,es_AR
CORVEN,TERRAIN,TERRAIN 150,es_AR
CORVEN,TERRAIN,TERRAIN 250,es_AR
CORVEN,TERRAIN,TERRAIN 250 X,es_AR
CORVEN,TRIAX,TRIAX 150 R2,es_AR
CORVEN,TRIAX,TRIAX 150 R3,es_AR
CORVEN,TRIAX,TRIAX 200 R3,es_AR
CORVEN,TRIAX,TRIAX 250 R3,es_AR
CORVEN,TRIAX,TRIAX 250 TOURING,es_AR
CORVEN,TRIAX,TRIAX 250 TXR L,es_AR
CORVEN,TRIAX,TRIAX 250 TXR X,es_AR
CORVEN,TRIAX,TRIAX 250 TXR,es_AR
DA DALT,DK,DK 150,es_AR
DA DALT,DS,DS 110 BASE,es_AR
DA DALT,DS,DS 110 INVIT,es_AR
DA DALT,RAF,RAF 110,es_AR
DAELIM,110,110 CITY ACE,es_AR
DAELIM,125,125 AROMA,es_AR
DAELIM,125,125 BESBI,es_AR
DAELIM,DAYSTAR,125 DAYSTAR,es_AR
DAELIM,125,125 SA7,es_AR
DAELIM,125,125 STEEZER,es_AR
DAELIM,150,150 ROADWIN,es_AR
DAELIM,250,250 ADVANCE S3,es_AR
DAELIM,250,250 DAYSTAR ROUTER,es_AR
DAELIM,250,250 MEGA S2,es_AR
DAELIM,250,250 ROADWIND,es_AR
DAELIM,250,250 ROADWIND R,es_AR
DAYAMA,110,110 DA,es_AR
DAYAMA,110,110 DUST,es_AR
DAYAMA,125,125 DAYTONA,es_AR
DAYAMA,150,150 DAYTONA,es_AR
DAYAMA,200,200,es_AR
DAYAMA,250,250,es_AR
DAYAMA,250,250 TR,es_AR
DAYAMA,300,300 DA,es_AR
DAYAMA,320,320 DA,es_AR
DAYAMA,350,350 TIBO,es_AR
DAYAMA,400,400,es_AR
DAYAMA,450,450,es_AR
DAYAMA,500,500,es_AR
DAYAMA,90,90 KD,es_AR
DAYANG,100,100,es_AR
DAYANG,110,110,es_AR
DAYANG,110,110 TUNING,es_AR
DAYANG,90,90,es_AR
DUCATI,1000,1000,es_AR
DUCATI,1000,1000 ST3,es_AR
DUCATI,1000,1000 ST4 S,es_AR
DUCATI,1100,1100 SCRAMBLER CUSTOM NEW,es_AR
DUCATI,1100,1100 SCRAMBLER NEW,es_AR
DUCATI,1100,1100 SCRAMBLER SPORT NEW,es_AR
DUCATI,1100,1100 STREETFIGHTER V 4,es_AR
DUCATI,1100,1100 STREETFIGHTER V 4 S,es_AR
DUCATI,PANIGALE,1103 PANIGALE V4,es_AR
DUCATI,PANIGALE,1103 PANIGALE V4 S,es_AR
DUCATI,1199,1199 PANIGALE,es_AR
DUCATI,1200,1200 DIAVEL CARBON,es_AR
DUCATI,1200,1200 DIAVEL DARK,es_AR
DUCATI,1200,1200 MONSTER,es_AR
DUCATI,1200,1200 MONSTER S,es_AR
DUCATI,1200,1200 MULTISTRADA,es_AR
DUCATI,1200,1200 MULTISTRADA ENDURO,es_AR
DUCATI,1200,1200 MULTISTRADA ENDURO TOUR PACK,es_AR
DUCATI,1200,1200 MULTISTRADA GRAN TURISMO,es_AR
DUCATI,1200,1200 MULTISTRADA S,es_AR
DUCATI,1200,1200 MULTISTRADA S PIKES PEAK,es_AR
DUCATI,1200,1200 MULTISTRADA TOURING PACK,es_AR
DUCATI,1200,1200 MULTISTRADA TOURING PACK S,es_AR
DUCATI,1260,1260 DIAVEL,es_AR
DUCATI,1260,1260 DIAVEL S,es_AR
DUCATI,1260,1260 MULTISTRADA,es_AR
DUCATI,1260,1260 MULTISTRADA ENDURO,es_AR
DUCATI,1260,1260 MULTISTRADA PIKES PEAKS,es_AR
DUCATI,1260,1260 MULTISTRADA S,es_AR
DUCATI,1260,1260 MULTISTRADA TURNG PACK,es_AR
DUCATI,1260,1260 MULTISTRADA TURNG PACK S,es_AR
DUCATI,XDIAVEL,1262 XDIAVEL,es_AR
DUCATI,XDIAVEL,1262 XDIAVEL S,es_AR
DUCATI,1299,1299 PANIGALE,es_AR
DUCATI,1299,1299 PANIGALE R,es_AR
DUCATI,1299,1299 PANIGALE S ABS,es_AR
DUCATI,400,400 SCRAMBLER SIXTY 2,es_AR
DUCATI,620,620 MONSTER,es_AR
DUCATI,696,696 MONSTER,es_AR
DUCATI,749,749,es_AR
DUCATI,796,796 HYPERMOTARD,es_AR
DUCATI,796,796 MONSTER,es_AR
DUCATI,797,797 MONSTER,es_AR
DUCATI,797,797 MONSTER S,es_AR
DUCATI,800,800 HYPERSTRADA,es_AR
DUCATI,800,800 SCRAMBLER CAFE RACER,es_AR
DUCATI,800,800 SCRAMBLER CLASSIC,es_AR
DUCATI,800,800 SCRAMBLER DESERT SLED,es_AR
DUCATI,800,800 SCRAMBLER FLAT TRACK,es_AR
DUCATI,800,800 SCRAMBLER FULL THROTLLE,es_AR
DUCATI,800,800 SCRAMBLER ICON DARK,es_AR
DUCATI,800,800 SCRAMBLER ICON RED/ORANGE,es_AR
DUCATI,800,800 SCRAMBLER URBAN ENDURO,es_AR
DUCATI,SCRAMBLER,803 SCRAMBLER MACH 2.0 NEW MODEL,es_AR
DUCATI,821,821 HYPERMOTARD,es_AR
DUCATI,821,821 MONSTER,es_AR
DUCATI,821,821 MONSTER DARK,es_AR
DUCATI,848,848 STREETFIGTHER,es_AR
DUCATI,899,899 PANIGALE ABS,es_AR
DUCATI,937,937 SUPERSPORT,es_AR
DUCATI,937,937 SUPERSPORT S,es_AR
DUCATI,939,939 HYPERMOTARD,es_AR
DUCATI,939,939 HYPERMOTARD SP,es_AR
DUCATI,950,950 HYPERMOTARD,es_AR
DUCATI,950,950 HYPERMOTARD SP,es_AR
DUCATI,950,950 MULTISTRADA,es_AR
DUCATI,950,950 MULTISTRADA S,es_AR
DUCATI,950,950 MULTISTRADA SPOKED WHEELS,es_AR
DUCATI,950,950 MULTISTRADA SPOKED WHEELS S,es_AR
DUCATI,950,950 MULTISTRADA TOURING PACK,es_AR
DUCATI,PANIGALE,955 PANIGALE V2,es_AR
DUCATI,PANIGALE,959 PANIGALE RED/WHITE,es_AR
DUCATI,998,998 FE,es_AR
DUCATI,999,999,es_AR
DYNAMIC,SPORTTRUK,SPORTTRUK 200 ATV XTREME,es_AR
DYNAMIC,TERREGATOR,TERREGATOR 250 ATV,es_AR
EUROMOT,110,110 HJ,es_AR
EUROMOT,125,125 HJ,es_AR
EUROMOT,150,150 LX NOVOMOTO,es_AR
EUROMOT,250,250 GTX,es_AR
EUROMOT,250,250 LK-A NOVOMOTO,es_AR
FAMSA,110,110 EGO,es_AR
FAMSA,150,150 SUPER NOVA,es_AR
FAMSA,250,250 MAGNUM,es_AR
GAMMA,110,110 CUATRI,es_AR
GAMMA,150,150 ACROSS,es_AR
GAMMA,250,250 CUATRI,es_AR
GAMMA,300,300 TRURUS CUATRI,es_AR
GAMMA,400,400 CROSSING CUATRI,es_AR
GAMMA,400,400 EAGLE CUATRI,es_AR
GAMMA,500,500 EAGLE CUATRI,es_AR
GAMMA,500,500 UTV,es_AR
GAMMA,800,800 UTV,es_AR
GAMMA,CFORCE,CFORCE 520 L,es_AR
GAMMA,CFORCE,CFORCE 550,es_AR
GAMMA,CFORCE,CFORCE 800,es_AR
GAMMA,GFORCE,GFORCE 450,es_AR
GAMMA,GFORCE,GFORCE 550,es_AR
GAMMA,MOUNTAINER,MOUNTAINER 800 LTD,es_AR
GAMMA,UFORCE,UFORCE 550,es_AR
GAMMA,UFORCE,UFORCE 800,es_AR
GAMMA,ZFORCE,ZFORCE 550,es_AR
GAMMA,ZFORCE,ZFORCE 625 EX,es_AR
GAMMA,ZFORCE,ZFORCE 800 EX,es_AR
GAMMA,ZFORCE,ZFORCE 1000,es_AR
GAS GAS,EC,EC 515 FSR,es_AR
GHIGGERI,VITA,VITA 110 ECO R G4,es_AR
GHIGGERI,VITA,VITA 110 FULL,es_AR
GHIGGERI,VITA,VITA 110 STD,es_AR
GILERA,110,110 C LAVORO,es_AR
GILERA,110,110 C PRONTO,es_AR
GILERA,110,110 ESTILO,es_AR
GILERA,110,110 GLA,es_AR
GILERA,110,110 SMASH AUTOMATICA,es_AR
GILERA,110,110 SMASH FULL,es_AR
GILERA,110,110 SMASH FULL R,es_AR
GILERA,110,110 SMASH TUNING,es_AR
GILERA,110,110 SMASH TUNING FULL,es_AR
GILERA,110,110 SMASH TUNING R,es_AR
GILERA,110,110 SMASH VS,es_AR
GILERA,125,125 FX,es_AR
GILERA,125,125 GA CLASSIC,es_AR
GILERA,125,125 GX1,es_AR
GILERA,125,125 GX1 R,es_AR
GILERA,125,125 GX1 SPORT,es_AR
GILERA,125,125 QM,es_AR
GILERA,125,125 QM SUPER,es_AR
GILERA,125,125 QM T-10 FULL,es_AR
GILERA,125,125 SMASH R,es_AR
GILERA,125,125 SMASH RR,es_AR
GILERA,125,125 SMASH X,es_AR
GILERA,125,125 URBANA,es_AR
GILERA,125,125 VC,es_AR
GILERA,150,150 FX,es_AR
GILERA,150,150 GARELLI SAHEL,es_AR
GILERA,150,150 PICCOLA,es_AR
GILERA,150,150 SAHEL,es_AR
GILERA,150,150 SG JAZZ,es_AR
GILERA,150,150 SUPER,es_AR
GILERA,150,150 VC,es_AR
GILERA,150,150 VC FULL,es_AR
GILERA,150,150 VC FULL POWER,es_AR
GILERA,150,150 VC VS,es_AR
GILERA,150,150 VC VS R/DISCO,es_AR
GILERA,150,150 YL,es_AR
GILERA,200,200 SAHEL,es_AR
GILERA,200,200 SMX,es_AR
GILERA,200,200 SMX MOTARD,es_AR
GILERA,200,200 SUPER SPORT,es_AR
GILERA,200,200 VC CAFE RACER SUPER SPORT,es_AR
GILERA,200,200 VC NAKED,es_AR
GILERA,200,200 VC NAKED NEW,es_AR
GILERA,200,200 VC R,es_AR
GILERA,200,200 VC SUPER SPORT ENDURO,es_AR
GILERA,200,200 YL,es_AR
GILERA,250,250 AC4,es_AR
GILERA,250,250 G1,es_AR
GILERA,250,250 SMX,es_AR
GILERA,250,250 VC NAKED,es_AR
GILERA,250,250 VC PROVA,es_AR
GILERA,250,250 VC R CONTROL,es_AR
GILERA,275,275 YL,es_AR
GILERA,300,300 SMX,es_AR
GILERA,400,400 SMX,es_AR
GILERA,400,400 SMX RALLY,es_AR
GILERA,400,400 SMX TOURING,es_AR
GILERA,50,50 GA,es_AR
GILERA,650,650 VC SPECTRA NAKED,es_AR
GILERA,70,70 VC 4T AT,es_AR
GILERA,EG-I,EG-I ELECTRIC POWER,es_AR
GILERA,EG2,EGII ELECTRICA,es_AR
GILERA,FR,FR 110,es_AR
GILERA,FR,FR 125,es_AR
GILERA,FR,FR 150,es_AR
GILERA,FR,FR 200,es_AR
GILERA,FR,FR 250,es_AR
GILERA,FR,FR 250 BEAR PARRILLERO,es_AR
GILERA,FR,FR 110 FREE RUNNER,es_AR
GILERA,FR,FR X 250 CANNIBAL,es_AR
GILERA,FR,FR X 300 CANNIBAL,es_AR
GILERA,LM,LM 50 QUAD JUNIOR,es_AR
GILERA,XKODIAC,X 250 KODIAC OFF,es_AR
GOES,220,220,es_AR
GOES,350,350 S,es_AR
GOES,360,360 MAX,es_AR
GOES,450,450 X,es_AR
GOES,50,50 S,es_AR
GOES,50,50 XS,es_AR
GOES,520,520,es_AR
GOES,520,520 MAX,es_AR
GUERRERO,110,110 ARGENCARGO,es_AR
GUERRERO,110,110 G DBA,es_AR
GUERRERO,110,110 G DL,es_AR
GUERRERO,110,110 G FLASH,es_AR
GUERRERO,110,110 GE,es_AR
GUERRERO,110,110 GE FLASH,es_AR
GUERRERO,110,110 GK BIKE,es_AR
GUERRERO,110,110 GN,es_AR
GUERRERO,110,110 GT DAY,es_AR
GUERRERO,110,110 TRIP,es_AR
GUERRERO,110,110 TRIP AUTOMATICA,es_AR
GUERRERO,110,110 TRIP FULL,es_AR
GUERRERO,110,110 TRIP S/ARRANQUE,es_AR
GUERRERO,110,110 TRIP TUNNING,es_AR
GUERRERO,110,110 WARRIOR,es_AR
GUERRERO,125,125 GC QUEEN,es_AR
GUERRERO,125,125 GXL,es_AR
GUERRERO,125,125 TRIP PLUS,es_AR
GUERRERO,150,150 GC QUEEN URBAN,es_AR
GUERRERO,150,150 GMX,es_AR
GUERRERO,150,150 GR1,es_AR
GUERRERO,150,150 GRM,es_AR
GUERRERO,150,150 GSL,es_AR
GUERRERO,150,150 GSL ANDIAMO,es_AR
GUERRERO,150,150 GSL WEAPON (KRYON),es_AR
GUERRERO,150,150 GXL,es_AR
GUERRERO,150,150 GXL TUNDRA,es_AR
GUERRERO,150,150 PULSAR,es_AR
GUERRERO,200,200 GC QUEEN,es_AR
GUERRERO,200,200 GMX MOTARD,es_AR
GUERRERO,200,200 GPR,es_AR
GUERRERO,200,200 GR1,es_AR
GUERRERO,200,200 GXR TUNDRA,es_AR
GUERRERO,200,200 MOTOCARGA GR3,es_AR
GUERRERO,200,200 PULSAR,es_AR
GUERRERO,230,230 GR5,es_AR
GUERRERO,250,250 GMX,es_AR
GUERRERO,250,250 GPR,es_AR
GUERRERO,250,250 GRF X,es_AR
GUERRERO,250,250 GXR,es_AR
GUERRERO,300,300 GR6,es_AR
GUERRERO,GXR300,300 GXR,es_AR
GUERRERO,GVL400,400 GVL,es_AR
GUERRERO,50,50 G ECONO,es_AR
GUERRERO,50,50 GPW GURÍ,es_AR
GUERRERO,650,650 GR9,es_AR
GUERRERO,70,70 GRF,es_AR
GUERRERO,70,70 GT DAY,es_AR
GUERRERO,70,70 GT DAY MATIC,es_AR
GUERRERO,90,90 G ECONO,es_AR
GUERRERO,G90RF,90 GRF,es_AR
GUERRERO,GFT70,ATV 70 GFT,es_AR
GUERRERO,GFT110,ATV 110 MAPUCHE,es_AR
GUERRERO,GFT150,ATV 150 MAPUCHE,es_AR
GUERRERO,GFT200,ATV 200 MAPUCHE GFT,es_AR
GUERRERO,GFT200,ATV 200 SPORT REF. LIQ,es_AR
GUERRERO,GFT250,ATV 250 MAPUCHE,es_AR
GUERRERO,GFT250,ATV 250 TRABAJO,es_AR
GUERRERO,GFT300,ATV 300 SPORT,es_AR
GUERRERO,GFT350,ATV 350 X,es_AR
GUZZI,AUDACE,AUDACE CARBON 1400,es_AR
GUZZI,V 1400I,V 1400I ABS,es_AR
GUZZI,V7,V7 700I SPECIAL,es_AR
GUZZI,V7,V7 750I II RACER,es_AR
GUZZI,V7,V7 750I II STONE,es_AR
GUZZI,V7,V7 750I III ANNIVERSARIO,es_AR
GUZZI,V7,V7 750I III RACER,es_AR
GUZZI,V7,V7 750I III SPECIAL,es_AR
GUZZI,V7,V7 750I III STONE,es_AR
GUZZI,V7,V7 750I STORNELLO ABS,es_AR
GUZZI,V8,V8 850 V85TT,es_AR
GUZZI,V9,V9 850I BOBBER ABS,es_AR
GUZZI,V9,V9 850I ROAMER ABS,es_AR
HAMATSU,110S,110S,es_AR
HAMATSU,150S,150S,es_AR
HAMATSU,200U,200U,es_AR
HARLEY DAVI,1200,1200 CUSTOM 2 TONE,es_AR
HARLEY DAVI,1200,1200 CUSTOM BLACK/BROWN/CHERR/PEAR,es_AR
HARLEY DAVI,1200,1200 CUSTOM PEARL,es_AR
HARLEY DAVI,1200,1200 FORTY EIGHT ANIVERSARIO,es_AR
HARLEY DAVI,1200,1200 FORTY-EIGHT 2 TONE,es_AR
HARLEY DAVI,1200,1200 FORTY-EIGHT DENIM/PEARL/SUNGL,es_AR
HARLEY DAVI,1200,1200 FORTY-EIGHT VIVID BLACK,es_AR
HARLEY DAVI,1200,1200 IRON VIVID BLACK,es_AR
HARLEY DAVI,1200,1200 N NIGHTASTER,es_AR
HARLEY DAVI,1200,1200 ROADSTER PEARL/ BLACK DEN/VELOC RED,es_AR
HARLEY DAVI,1200,1200 ROADSTER SYLVER/BLACK,es_AR
HARLEY DAVI,1200,1200 ROADSTER VIVID BLACK,es_AR
HARLEY DAVI,1200,1200 ROADSTER YELLOW/SUMATRA BROWN,es_AR
HARLEY DAVI,1200T,1200T SUPERLOW 2 TONE,es_AR
HARLEY DAVI,1200T,1200T SUPERLOW DENIM/PEARL/SUNGLO,es_AR
HARLEY DAVI,1200T,1200T SUPERLOW VIVID BLACK,es_AR
HARLEY DAVI,883,883 IRON BLAC/PEARL/SUNGLO/DENIM,es_AR
HARLEY DAVI,883,883 IRON HARD CANDY CUSTOM,es_AR
HARLEY DAVI,883,883 SUPERLOW 2 TONE,es_AR
HARLEY DAVI,883,883 SUPERLOW PEARL,es_AR
HARLEY DAVI,883,883 SUPERLOW VIVID BLACK,es_AR
HARLEY DAVI,883,883 SUPERLOW WICKED RED/TW CHERRY,es_AR
HARLEY DAVI,883,883 XL R,es_AR
HARLEY DAVI,DYNA,DYNA LOW RIDER DENIM/PEARL/SUNGLO,es_AR
HARLEY DAVI,DYNA,DYNA LOW RIDER VIVID BLACK,es_AR
HARLEY DAVI,FAT,FAT BOB BLACK DENIM/PEARL/SUNGLO,es_AR
HARLEY DAVI,FAT,FAT BOB SPECIAL 114 DENIM/PEAR/SUN,es_AR
HARLEY DAVI,FAT,FAT BOB SPECIAL 114 VIVID BLACK,es_AR
HARLEY DAVI,FAT,FAT BOB VIVID BLACK,es_AR
HARLEY DAVI,FLDE,FLDE DELUXE SUMATRA BROWN/SILV FLUXE,es_AR
HARLEY DAVI,FLDE,FLDE DELUXE 2 TONE,es_AR
HARLEY DAVI,FLDE,FLDE DELUXE BLACK,es_AR
HARLEY DAVI,FLDE,FLDE DELUXE DENIM/PEARL/SUNGLO,es_AR
HARLEY DAVI,FLFB,FLFB FAT BOY 2 TONE,es_AR
HARLEY DAVI,FLFB,FLFB FAT BOY BLACK,es_AR
HARLEY DAVI,FLFB,FLFB FAT BOY DENIM/PEARL/SUNGLO,es_AR
HARLEY DAVI,FLFBS,FLFBS FAT BOY 114 2 TONE,es_AR
HARLEY DAVI,FLFBS,FLFBS FAT BOY 114 BLACK,es_AR
HARLEY DAVI,FLFBS,FLFBS FAT BOY 114 DEN/PEARL/SUNGLO,es_AR
HARLEY DAVI,FLFBS,FLFBS FAT BOY ANIVERSARIO 114,es_AR
HARLEY DAVI,FLHC,FLHC HERITAGE CUSTOM 2 TONE,es_AR
HARLEY DAVI,FLHC,FLHC HERITAGE CUSTOM BLACK,es_AR
HARLEY DAVI,FLHC,FLHC HERITAGE CUSTOM DENIM/PEARL/S,es_AR
HARLEY DAVI,FLHCS,FLHCS HERITAGE 114 CUSTOM BLACK,es_AR
HARLEY DAVI,FLHCS,FLHCS HERITAGE CUST 114 CU|PE|SUNG,es_AR
HARLEY DAVI,FLHCS,FLHCS HERITAGE CUSTOM 114 2 TONE,es_AR
HARLEY DAVI,FLHCS,FLHCS HERITAGE CUSTOM 114 ANIVERS,es_AR
HARLEY DAVI,FLHCS,FLHCS HERITAGE CUSTOM 114 DENIM,es_AR
HARLEY DAVI,FLHP,FLHP POLICE,es_AR
HARLEY DAVI,FLHP,FLHP ROAD KING 2 TONE,es_AR
HARLEY DAVI,FLHP,FLHP ROAD KING BLACK OR WHITE,es_AR
HARLEY DAVI,FLHP,FLHP ROAD KING DENIM/PEARL/SUNGLO,es_AR
HARLEY DAVI,FLHTCUTG,FLHTCUTG TRI GLIDE ULT DEN/PEA/SUN,es_AR
HARLEY DAVI,FLHTCUTG,FLHTCUTG TRI GLIDE ULTRA 2 TONE,es_AR
HARLEY DAVI,FLHTCUTG,FLHTCUTG TRI GLIDE ULTRA VIV/BLACK,es_AR
HARLEY DAVI,FLHTK,FLHTK ULTRA LIMITED 2 TONE/DENIM,es_AR
HARLEY DAVI,FLHTK,FLHTK ULTRA LIMITED ANIVERSARIO,es_AR
HARLEY DAVI,FLHTK,FLHTK ULTRA LIMITED PEARL/SUNGLO,es_AR
HARLEY DAVI,FLHTK,FLHTK ULTRA LIMITED VIVID BLACK,es_AR
HARLEY DAVI,FLHTKSE,FLHTKSE CVO ULTRA LIMITED,es_AR
HARLEY DAVI,FLHTKSE,FLHTKSE CVO ULTRA LIMITED ANIVERSA,es_AR
HARLEY DAVI,FLHTP,FLHTP ELECT GLIDE 2TONE,es_AR
HARLEY DAVI,FLHTP,FLHTP ELECT GLIDE VIV/BLACK,es_AR
HARLEY DAVI,FLHTP,FLHTP ELECT GLIDE DENIM/ PEARL/SUNGLO,es_AR
HARLEY DAVI,FLHX,FLHX STREET GLIDE DENIM/PEARL/SUNG,es_AR
HARLEY DAVI,FLHX,FLHX STREET GLIDE HARDY CANDY CUST,es_AR
HARLEY DAVI,FLHX,FLHX STREET GLIDE VIVID BLACK,es_AR
HARLEY DAVI,FLHXSE,FLHXSE CVO STREET GLIDE,es_AR
HARLEY DAVI,FLRT,FLRT FREEWHEELER VIVID BLACK,es_AR
HARLEY DAVI,FLRT,FLRT FREEWHEELER SIL/BLACK/RED,es_AR
HARLEY DAVI,FLS,FLS SOFTAIL SLIM BLACK,es_AR
HARLEY DAVI,FLS,FLS SOFTAIL SLIM DENIM/PEARL/SUNGL,es_AR
HARLEY DAVI,FLTRU,FLTRU ROAD GLI ULTRA 2 TONE,es_AR
HARLEY DAVI,FLTRU,FLTRU ROAD GLI ULTRA DEN/PEARL/SUN,es_AR
HARLEY DAVI,FLTRU,FLTRU ROAD GLI ULTRA VIVID BLACK,es_AR
HARLEY DAVI,FLTRX,FLTRX ROAD GLIDE DENIM/PEARL/SUNGL,es_AR
HARLEY DAVI,FLTRX,FLTRX ROAD GLIDE HARD CANDY CUSTOM,es_AR
HARLEY DAVI,FLTRX,FLTRX ROAD GLIDE VIVID BLACK,es_AR
HARLEY DAVI,FLTRXS,FLTRXS ROAD GLI SPEC HARD/CAN/CUST,es_AR
HARLEY DAVI,FLTRXS,FLTRXS ROAD GLI SPECIAL DEN/PE/SUN,es_AR
HARLEY DAVI,FLTRXS,FLTRXS ROAD GLIDE SPECIAL V/BLACK,es_AR
HARLEY DAVI,FLTRXSE,FLTRXSE CVO ROAD GLIDE,es_AR
HARLEY DAVI,FXBR,FXBR BREAKOUT DENIM/PEARL,es_AR
HARLEY DAVI,FXBR,FXBR BREAKOUT SUNGLO,es_AR
HARLEY DAVI,FXBR,FXBR BREAKOUT VIVID BLACK,es_AR
HARLEY DAVI,FXBRS,FXBRS ANIV BREAKOUT 114 ANIVERSAR,es_AR
HARLEY DAVI,FXBRS,FXBRS BREAKOUT 114 DOS TONOS,es_AR
HARLEY DAVI,FXBRS,FXBRS BREAKOUT 114 PEARL/DENIM,es_AR
HARLEY DAVI,FXBRS,FXBRS BREAKOUT 114 SUNGLO/STILETTO RED,es_AR
HARLEY DAVI,FXBRS,FXBRS BREAKOUT 114 VIVID BLACK,es_AR
HARLEY DAVI,LOW,LOW RIDER BONEVILLE SALT PEARL,es_AR
HARLEY DAVI,LOW,LOW RIDER VIVID BLACK,es_AR
HARLEY DAVI,LOW,LOW RIDER WICKED RED/ELECTRIC BLUE,es_AR
HARLEY DAVI,NIGHT,NIGHT TRAIN INJECTION PEARL SMOOTH,es_AR
HARLEY DAVI,NIGTH,NIGTH ROD DENIM/PEARL/SUNGLO,es_AR
HARLEY DAVI,NIGTH,NIGTH ROD SPECIAL VIVID BLACK,es_AR
HARLEY DAVI,ROAD,ROAD KING CLASSIC 2 TONE,es_AR
HARLEY DAVI,ROAD,ROAD KING CLASSIC DEN/PEARL/SUNGLO,es_AR
HARLEY DAVI,ROAD,ROAD KING CLASSSIC VIVID BLACK,es_AR
HARLEY DAVI,ROAD,ROAD KING SPECIAL DENIM/PEARL/SUNG,es_AR
HARLEY DAVI,ROAD,ROAD KING SPECIAL HARD/CANDY/CUSTO,es_AR
HARLEY DAVI,ROAD,ROAD KING SPECIAL VIVID BLACK,es_AR
HARLEY DAVI,ROCKER,ROCKER PEARL,es_AR
HARLEY DAVI,SCREAMING,SCREAMING EAGLE ROAD GLIDE ULTRA,es_AR
HARLEY DAVI,SCREAMING,SCREAMING EAGLE SPRINGER,es_AR
HARLEY DAVI,SCREAMING,SCREAMING EAGLE ULTRA ANIVERSARY,es_AR
HARLEY DAVI,SCREAMING,SCREAMING EAGLE ULTRA LIMITED,es_AR
HARLEY DAVI,STREET,STREET 750 A DENIM/PEARL PRO,es_AR
HARLEY DAVI,STREET,STREET 750 A VIVID BLACK PRO,es_AR
HARLEY DAVI,STREET,STREET 750 DELUXE COLORS,es_AR
HARLEY DAVI,STREET,STREET 750 DENIM/RED/SALT/PEARL,es_AR
HARLEY DAVI,STREET,STREET 750 VIVID BLACK,es_AR
HARLEY DAVI,STREET,STREET BOB 2 TONE,es_AR
HARLEY DAVI,STREET,STREET BOB BLACK DENIM,es_AR
HARLEY DAVI,STREET,STREET BOB DENIM/PEARL/SUNGLO,es_AR
HARLEY DAVI,STREET,STREET BOB INDUSTRIAL GRAY DENIM,es_AR
HARLEY DAVI,STREET,STREET BOB VIVID BLACK,es_AR
HARLEY DAVI,STREET,STREET GLIDE SPECIAL ANIV/VIVBLACK,es_AR
HARLEY DAVI,STREET,STREET GLIDE SPECIAL DEN/PEAR/SUNG,es_AR
HARLEY DAVI,STREET,STREET GLIDE SPECIAL HARD CAN CUST,es_AR
HARLEY DAVI,STREET,STREET GLIDE SPECIAL VIVID BLACK,es_AR
HARLEY DAVI,V-ROAD,V-ROAD MUSCLE,es_AR
HERO,DASH,DASH 110,es_AR
HERO,DASH,DASH 110 FULL,es_AR
HERO,HUNK,HUNK 150,es_AR
HERO,HUNK,HUNK 150 SPORTS,es_AR
HERO,HUNK,HUNK 200 R,es_AR
HERO,IGNITOR,IGNITOR 125,es_AR
HONDA,AFRICA,AFRICA TWIN CRF 1000L DCT,es_AR
HONDA,AFRICA,AFRICA TWIN CRF 1000L MT,es_AR
HONDA,AFRICA,AFRICA TWIN CRF 1100 AD SPORTS DCT,es_AR
HONDA,AFRICA,AFRICA TWIN CRF 1100 ADV SPORTS MT,es_AR
HONDA,AFRICA,AFRICA TWIN CRF 1100 DL,es_AR
HONDA,AFRICA,AFRICA TWIN CRF 1100 MT AL,es_AR
HONDA,AFRICA,AFRICA TWIN XRV 750R,es_AR
HONDA,C 90,C 90 DELUXE,es_AR
HONDA,C 125,C 125 ES,es_AR
HONDA,C BIZ,C BIZ 105,es_AR
HONDA,C BIZ,C BIZ 125 GP,es_AR
HONDA,C BIZ,C BIZ 125 KS,es_AR
HONDA,C BIZ,C BIZ 125 NUEVO MODELO,es_AR
HONDA,CB,CB 125 TWISTER,es_AR
HONDA,CB,CB 150 INVICTA,es_AR
HONDA,CB,CB 190R,es_AR
HONDA,CB,CB 190R REPSOL,es_AR
HONDA,CB,CB 250 NIGHTHAWK,es_AR
HONDA,CB,CB 250N,es_AR
HONDA,CB,CB 250R,es_AR
HONDA,CB,CB 300R,es_AR
HONDA,CB,CB 400N,es_AR
HONDA,CB,CB 450 DX,es_AR
HONDA,CB,CB 500F,es_AR
HONDA,CB,CB 500X,es_AR
HONDA,CB,CB 600 HORNET,es_AR
HONDA,CB,CB 650F,es_AR
HONDA,CB,CB 700V TRANSALP,es_AR
HONDA,CB,CB 750,es_AR
HONDA,CB,CB 750 NIGHTHAWK,es_AR
HONDA,CB,CB 750F,es_AR
HONDA,CB,CB 1000R,es_AR
HONDA,CB,CB 1100F,es_AR
HONDA,CB1,CB1 125,es_AR
HONDA,CB1,CB1 125 TUF,es_AR
HONDA,CBN,CBN 125,es_AR
HONDA,CBR,CBR 300 R,es_AR
HONDA,CBR,CBR 450 SR,es_AR
HONDA,CBR,CBR 600 RR,es_AR
HONDA,CBR,CBR 600 SPORT,es_AR
HONDA,CBR,CBR 900 RR,es_AR
HONDA,CBR,CBR 1000 RR,es_AR
HONDA,CBR,CBR 1000 RR FIREBLADE,es_AR
HONDA,CBR,CBR 1000 RR SP1,es_AR
HONDA,CBR,CBR 1100 XX,es_AR
HONDA,CBX,CBX 150,es_AR
HONDA,CBX,CBX 200 STRADA,es_AR
HONDA,CBX,CBX 250 TWISTER,es_AR
HONDA,CD,CD 105 ES BIZ CLUB,es_AR
HONDA,CG,CG 125 FAN,es_AR
HONDA,CG,CG 125 TITAN/ES,es_AR
HONDA,CG,CG 150 ESD,es_AR
HONDA,CG,CG 150 NEW,es_AR
HONDA,CG,CG 150 TITAN,es_AR
HONDA,CGR,CGR 125 STORM,es_AR
HONDA,CGR,CGR 125 STORM DISK,es_AR
HONDA,CMX,CMX 250,es_AR
HONDA,CMX,CMX 450 REBEL,es_AR
HONDA,CR,CR 85 R,es_AR
HONDA,CR,CR 125 R,es_AR
HONDA,CR,CR 250 R,es_AR
HONDA,CRF50F,CRF 50 F,es_AR
HONDA,CRF,CRF 50 R,es_AR
HONDA,CRF,CRF 70 R,es_AR
HONDA,CRF,CRF 150 F,es_AR
HONDA,CRF,CRF 150 R,es_AR
HONDA,CRF,CRF 230 F,es_AR
HONDA,CRF,CRF 250 L,es_AR
HONDA,CRF,CRF 250 R,es_AR
HONDA,CRF,CRF 250 X,es_AR
HONDA,CRF,CRF 450 R,es_AR
HONDA,CRF,CRF 450 X,es_AR
HONDA,CRF,CRF 250 F,es_AR
HONDA,DAX,DAX 70 ST K,es_AR
HONDA,ELITE,ELITE 50,es_AR
HONDA,ELITE,ELITE 80,es_AR
HONDA,ELITE,ELITE 125,es_AR
HONDA,ELITE,ELITE 125 TRICOLOR,es_AR
HONDA,ELITE,ELITE 150,es_AR
HONDA,ELITE,ELITE 250,es_AR
HONDA,FL,FL 400 (ARENERO),es_AR
HONDA,GL,GL 1100,es_AR
HONDA,GLH,GLH 150,es_AR
HONDA,HERO,HERO 100,es_AR
HONDA,LEAD,LEAD 50,es_AR
HONDA,MARINA,MARINA,es_AR
HONDA,NC700X,NC 700 X,es_AR
HONDA,NC750X,NC 750 X,es_AR
HONDA,NT700,NT 700 V DEUVILLE C/ABS,es_AR
HONDA,NX,NX 350 SAHARA,es_AR
HONDA,NX,NX 400 FALCON,es_AR
HONDA,NX,NX 650 DOMINATOR,es_AR
HONDA,NXR,NXR 125,es_AR
HONDA,PC,PC 800 (PACIFIC COAST),es_AR
HONDA,PCX,PCX 150,es_AR
HONDA,POP100,POP 100 NEW MODEL,es_AR
HONDA,ST,ST 1100 PAN-EUROPEAN,es_AR
HONDA,TRX,TRX 250 (TEC),es_AR
HONDA,TRX,TRX 250 TM,es_AR
HONDA,TRX,TRX 300 FM 4X2,es_AR
HONDA,TRX,TRX 350 FM 4X4,es_AR
HONDA,TRX,TRX 350 TM 4X2,es_AR
HONDA,TRX,TRX 400 EX,es_AR
HONDA,TRX,TRX 420 FA,es_AR
HONDA,TRX,TRX 420 FE,es_AR
HONDA,TRX,TRX 420 FM 4X4,es_AR
HONDA,TRX,TRX 420 TE 4x2,es_AR
HONDA,TRX,TRX 420 TM 4X2,es_AR
HONDA,TRX,TRX 420 TM 4X4,es_AR
HONDA,TRX,TRX 450,es_AR
HONDA,TRX,TRX 450 FOREMAN 4X4,es_AR
HONDA,TRX,TRX 500 FA,es_AR
HONDA,TRX,TRX 500 FM 4X4,es_AR
HONDA,TRX,TRX 520 FM,es_AR
HONDA,TRX,TRX 650 FA 4X4,es_AR
HONDA,TRX,TRX 680 FA 4X4,es_AR
HONDA,V MEN,V-MEN 125,es_AR
HONDA,VF,VF 400 F,es_AR
HONDA,VF,VF 700 MAGNA,es_AR
HONDA,VF,VF 750 MAGNA,es_AR
HONDA,VFR,VFR 800 CROSSRUNNER,es_AR
HONDA,VLX,VLX 600 SHADOW,es_AR
HONDA,VRF,VRF 750,es_AR
HONDA,VT,VT 600 SHADOW,es_AR
HONDA,VT,VT 750 SHADOW,es_AR
HONDA,VTX1300,VTX 1300,es_AR
HONDA,WAVE,WAVE 100 NF SD,es_AR
HONDA,WAVE,WAVE 110,es_AR
HONDA,WAVE,WAVE 110S C/D,es_AR
HONDA,WAVE,WAVE 110S NEW BASE,es_AR
HONDA,XL200,XL 200,es_AR
HONDA,XL,XL 250 R,es_AR
HONDA,XL,XL 600 TRANSALP,es_AR
HONDA,XL,XL 650 TRANSALP,es_AR
HONDA,XL,XL 700 TRANSALP C/ABS,es_AR
HONDA,XL,XL 700 TRANSALP S/ABS,es_AR
HONDA,XL1000,XL 1000 V6 VARADERO,es_AR
HONDA,XR,XR 125 L,es_AR
HONDA,XR,XR 150 L,es_AR
HONDA,XR,XR 150 L RALLY,es_AR
HONDA,XR,XR 190 L,es_AR
HONDA,XR,XR 200 R,es_AR
HONDA,XR,XR 250 T TORNADO,es_AR
HONDA,XR,XR 400,es_AR
HONDA,XR,XR 600,es_AR
HONDA,XR,XR 650 R,es_AR
HONDA,XRE,XRE 300,es_AR
HONDA,XRE,XRE 300 RALLY,es_AR
HUSQVARNA,701,701 ENDURO,es_AR
HUSQVARNA,701,701 SUPERMOTO,es_AR
HUSQVARNA,FC,FC 250 CROSS,es_AR
HUSQVARNA,FC,FC 350 CROSS,es_AR
HUSQVARNA,FC,FC 450 CROSS,es_AR
HUSQVARNA,FE,FE 250 ENDURO,es_AR
HUSQVARNA,FE,FE 350 ENDURO,es_AR
HUSQVARNA,FE,FE 450 ENDURO,es_AR
HUSQVARNA,FE,FE 501 ENDURO,es_AR
HUSQVARNA,FX,FX 350 ( CROSS COUNTRY),es_AR
HUSQVARNA,SVARTPILEN,SVARTPILEN 200,es_AR
HUSQVARNA,SVARTPILEN,SVARTPILEN 401,es_AR
HUSQVARNA,SVARTPILEN,SVARTPILEN 701,es_AR
HUSQVARNA,TC,TC 50 CROSS,es_AR
HUSQVARNA,TC,TC 65 CROSS,es_AR
HUSQVARNA,TC,TC 85 CROSS (19/16),es_AR
HUSQVARNA,TC,TC 125 CROSS,es_AR
HUSQVARNA,TE,TE 150 ENDURO,es_AR
HUSQVARNA,TE,TE 250I ENDURO,es_AR
HUSQVARNA,TE,TE 300 ENDURO,es_AR
HUSQVARNA,TE,TE 300I ENDURO,es_AR
HUSQVARNA,TE,TE 410 ENDURO,es_AR
HUSQVARNA,VITPILEN,VITPILEN 401,es_AR
HUSQVARNA,VITPILEN,VITPILEN 701,es_AR
HYOSUNG,GA,GA 125,es_AR
HYOSUNG,GD,GD 250,es_AR
HYOSUNG,GT,GT 250 R,es_AR
HYOSUNG,GT,GT 650,es_AR
HYOSUNG,GV,GV 650,es_AR
IMSA,IM,IM 100R ROAD,es_AR
IMSA,IM,IM 110E TRACK,es_AR
IMSA,IM,IM 125R 4 ROAD,es_AR
IMSA,IM,IM 125RX ROAD,es_AR
IMSA,IM,IM 125T TROPHY,es_AR
IMSA,IM,IM 150RX ROAD,es_AR
JAGUAR ATV,ATV,ATV 90,es_AR
JAGUAR ATV,ATV,ATV 110,es_AR
JAGUAR ATV,ATV,ATV 125 AGRO,es_AR
JAGUAR ATV,ATV,ATV 200 AGRO,es_AR
JAGUAR ATV,ATV,ATV 250 AGRO,es_AR
JAGUAR ATV,ATV,ATV 250 SPORT Nuevo,es_AR
JAGUAR ATV,ATV,ATV 300 4X4,es_AR
JAWA,150,150 SUPERNOVA,es_AR
JAWA,180,180 CZ STRAKONICE,es_AR
JAWA,200,200 CZ,es_AR
JAWA,200,200 CZ R1,es_AR
JAWA,250,250 CUSTOM,es_AR
JAWA,250,250 CZ L,es_AR
JAWA,250,250 CZ R,es_AR
JAWA,250,250 CZ T,es_AR
JAWA,250,250 RVM F4,es_AR
JAWA,250,250 TEKKEN,es_AR
JAWA,250,250 TEKKEN FULL,es_AR
JAWA,300,300-6,es_AR
JAWA,300,300-9,es_AR
JAWA,350,350 BOBBER,es_AR
JAWA,350,350 CAFE RACER,es_AR
JAWA,350,350 DAYTONA,es_AR
JAWA,350,350 RUTA 40,es_AR
JAWA,350,350-6 SPYDER,es_AR
JAWA,350,350-9,es_AR
JAWA,400,400 CAFE RACER,es_AR
JAWA,400,400 DAYTONA,es_AR
JAWA,400,400-9 CON SIDECAR,es_AR
JAWA,450,450 CZ R,es_AR
JAWA,500,500 MOTRAC,es_AR
JAWA,500,500 TEKKEN ALU FULL,es_AR
JAWA,500,500 TEKKEN ALUMINIO,es_AR
JAWA,500,500 TEKKEN RAYO,es_AR
JAWA,500,500 TEKKEN RAYO FULL,es_AR
JAWA,600,600 DAYTONA,es_AR
JAWA,600,600 RVM,es_AR
JAWA,650,650 RVM CF TOURING,es_AR
JAWA,660,660 SPORTARD,es_AR
JAWA,800,800 V RVM,es_AR
JIALING,JH,JH 125 G,es_AR
JIANSHE,110,110,es_AR
JIANSHE,150,150 BRAVA YBS,es_AR
JIANSHE,250,250 ATV,es_AR
JIANSHE,400,400 ATV 4X4,es_AR
JIANSHE,JS,JS 125 6B,es_AR
JIANSHE,JS,JS 125 6B FULL,es_AR
JIANSHE,JS,JS 125 7,es_AR
JIANSHE,JS,JS 125 F,es_AR
JIANSHE,JS,JS 125 GBE,es_AR
JIANSHE,JS,JS 150 3,es_AR
JIANSHE,JS,JS 150 6B,es_AR
JINCHENG,JC,JC 70-6,es_AR
JINCHENG,JC,JC 110,es_AR
JINCHENG,JC,JC 110-19 FS,es_AR
JINCHENG,JC,JC 110-19 FULL,es_AR
JINCHENG,JC,JC 110-9,es_AR
JINCHENG,JC,JC 125-17 B,es_AR
JINCHENG,JC,JC 150-20,es_AR
JINCHENG,JC,JC 250-6,es_AR
JINLING,JLA-08,JLA-08 110,es_AR
JINLING,JLA-11-2,JLA-11-2 110,es_AR
JINLING,JLA-11-A,JLA-11-A 125,es_AR
JINLING,JLA-12-2,JLA-12-2 200,es_AR
JINLING,JLA-24,JLA-24 250,es_AR
JUKI,LD,LD 110 S,es_AR
JUKI,RD,RD 150 H,es_AR
KAWASAKI,BRUTE,BRUTE FORCE 300,es_AR
KAWASAKI,BRUTE,BRUTE FORCE 750 4x4 I,es_AR
KAWASAKI,BRUTE,BRUTE TERYX 750 4X4,es_AR
KAWASAKI,BRUTE,BRUTE TERYX 800 4PLZ 4X4,es_AR
KAWASAKI,EJ,EJ 800 ACF (W 800),es_AR
KAWASAKI,EJ,EJ 800 ACFA (W 800 SPECIAL EDITI),es_AR
KAWASAKI,EL,EL 250 CUSTOM,es_AR
KAWASAKI,EN,EN 500 VULCAN,es_AR
KAWASAKI,ER-6N,ER6N 650,es_AR
KAWASAKI,GPX,GPX 600 R,es_AR
KAWASAKI,KDX,KDX 250,es_AR
KAWASAKI,KFX,KFX 90 A9F,es_AR
KAWASAKI,KFX,KFX 450,es_AR
KAWASAKI,KFX,KFX 450 R,es_AR
KAWASAKI,KLE,KLE 300 VERSYS,es_AR
KAWASAKI,KLE,KLE 650 VERSYS,es_AR
KAWASAKI,KLE,KLE 1000 VERSYS,es_AR
KAWASAKI,KLF,KLF 220 A 14,es_AR
KAWASAKI,KLF,KLF 250,es_AR
KAWASAKI,KLR,KLR 250,es_AR
KAWASAKI,KLR,KLR 650,es_AR
KAWASAKI,KLR,KLR 650 CAMO,es_AR
KAWASAKI,KLX,KLX 110,es_AR
KAWASAKI,KLX,KLX 140 G,es_AR
KAWASAKI,KLX,KLX 250,es_AR
KAWASAKI,KLX,KLX 300,es_AR
KAWASAKI,KLX,KLX 450 L,es_AR
KAWASAKI,KLX,KLX 450 R,es_AR
KAWASAKI,KLX,KLX 650,es_AR
KAWASAKI,KMX,KMX 125,es_AR
KAWASAKI,KSF,KSF 400,es_AR
KAWASAKI,KSV,KSV 700,es_AR
KAWASAKI,KVF,KVF 360 C6F,es_AR
KAWASAKI,KVF,KVF 650,es_AR
KAWASAKI,KVF,KVF 750,es_AR
KAWASAKI,KX,KX 85,es_AR
KAWASAKI,KX,KX 125,es_AR
KAWASAKI,KX,KX 250,es_AR
KAWASAKI,KX,KX 250 F,es_AR
KAWASAKI,KX,KX 450 F,es_AR
KAWASAKI,KZ,KZ 440,es_AR
KAWASAKI,KZ,KZ 550,es_AR
KAWASAKI,KZ,KZ 750,es_AR
KAWASAKI,LTD,LTD 440,es_AR
KAWASAKI,NINJA,NINJA 250,es_AR
KAWASAKI,NINJA,NINJA 250 (EDI LIMITED),es_AR
KAWASAKI,NINJA,NINJA 300,es_AR
KAWASAKI,NINJA,NINJA 400,es_AR
KAWASAKI,NINJA,NINJA 650 EX ABS,es_AR
KAWASAKI,NINJA,NINJA H2,es_AR
KAWASAKI,NINJA,NINJA H2 SX,es_AR
KAWASAKI,NINJA,NINJA H2 SX SE,es_AR
KAWASAKI,VN,VN 650 VULCAN S ABS,es_AR
KAWASAKI,VN,VN 800 VULCAN,es_AR
KAWASAKI,VN,VN 900 VULCAN CLASSIC LT,es_AR
KAWASAKI,VN,VN 900 VULCAN CUSTOM,es_AR
KAWASAKI,W 800,W 800,es_AR
KAWASAKI,Z 400,Z 400,es_AR
KAWASAKI,Z 440,Z 440,es_AR
KAWASAKI,Z 650,Z 650 ABS,es_AR
KAWASAKI,Z 750,Z 750,es_AR
KAWASAKI,Z 900,Z 900 RS,es_AR
KAWASAKI,Z 900,Z 900 RS CAFE RACER,es_AR
KAWASAKI,Z 1000,Z 1000,es_AR
KAWASAKI,Z 1000,Z 1000 (NINJA) SX,es_AR
KAWASAKI,Z 1000,Z 1000 ABS,es_AR
KAWASAKI,Z 900,Z 900 CAFE ABS,es_AR
KAWASAKI,Z 800,Z 800,es_AR
KAWASAKI,ZX,ZX 600 (ZX6R),es_AR
KAWASAKI,ZX,ZX 900R(ZX9R),es_AR
KAWASAKI,ZX,ZX 10R (NINJA),es_AR
KAWASAKI,ZX,ZX 1200,es_AR
KAWASAKI,ZX,ZX 1400 (NINJA),es_AR
KAWASAKI,Z 900,z 900 ABS,es_AR
KELLER,110,110,es_AR
KELLER,110,110 CRONO CLASIC ECO,es_AR
KELLER,110,110 CRONO CLASIC FULL,es_AR
KELLER,110,110 CRONO CLASIC PLUS,es_AR
KELLER,110,110 CRONO TRIAL,es_AR
KELLER,110,110 TITAN,es_AR
KELLER,125,125 CRONO TUNNING,es_AR
KELLER,150,150 EXCELLENCE CUSTOM,es_AR
KELLER,150,150 EXOTIC,es_AR
KELLER,150,150 EXTREME,es_AR
KELLER,150,150 KN,es_AR
KELLER,150,150 MIRACLE,es_AR
KELLER,150,150 SATELIX,es_AR
KELLER,150,150 SCOOTER CONQUISTA,es_AR
KELLER,150,150 STRATUS FULL,es_AR
KELLER,150,150 STRATUS LS/ECO,es_AR
KELLER,200,200 KR GY,es_AR
KELLER,200,200 KR ST AGRARIO,es_AR
KELLER,200,200 MIRACLE (KN GY),es_AR
KELLER,250,250 EXCELLENCE CUSTOM,es_AR
KELLER,250,250 JET MAX,es_AR
KELLER,250,250 KR STIXE,es_AR
KELLER,250,250 NAKED K2,es_AR
KELLER,250,250 NK (CF MOTO),es_AR
KELLER,260,260 K2 RACING KR A,es_AR
KELLER,260,260 MX ENDURO,es_AR
KELLER,260,260 QUASAR,es_AR
KELLER,260,260 STRATUS YBR,es_AR
KELLER,400,400 NAKED K (CF MOTO),es_AR
KELLER,650,650 MT K65 (CF MOTO),es_AR
KELLER,650,650 NAKED K65 (CF MOTO),es_AR
KELLER,650,650 TR/TK ( CF MOTO ),es_AR
KIKAI,110,110 DK,es_AR
KIKAI,125,125 ATV,es_AR
KIKAI,150,150 SCOOTER DK ASC,es_AR
KIKAI,150,150 STREET DK AS,es_AR
KIKAI,250,250 ATV,es_AR
KIKAI,250,250 CUSTOM,es_AR
KONISA,50,ATV 50 YJ,es_AR
KONISA,110,ATV 110,es_AR
KONISA,110,ATV 110 QS,es_AR
KONISA,110,ATV 110 YJ,es_AR
KONISA,150,ATV 150 YJ,es_AR
KONISA,200,ATV 200 DEPORTIVO,es_AR
KONISA,200,ATV 200 QS,es_AR
KONISA,200,ATV 200 YJ,es_AR
KONISA,250,ATV 250 YJ,es_AR
KONISA,CL,CL 110,es_AR
KONISA,CL,CL 125,es_AR
KONISA,KE110,KE 110,es_AR
KONISA,KE,KE 125 ENDURO,es_AR
KONISA,KE,KE 250 ENDURO,es_AR
KONISA,LF,LF 125,es_AR
KONISA,LX,LX 110,es_AR
KTM,125,125 SX CROSS,es_AR
KTM,150,150 EXC TPI ENDURO,es_AR
KTM,150,150 SX CROSS,es_AR
KTM,200,200 RC,es_AR
KTM,200,200 RC ED. SPECIAL,es_AR
KTM,250,250 EXC F SIX DAYS ENDURO,es_AR
KTM,250,250 EXC TPI,es_AR
KTM,250,250 EXC TPI SIX DAYS,es_AR
KTM,250,250 EXC-F ENDURO,es_AR
KTM,250,250 SX CROSS,es_AR
KTM,250,250 SX-F CROSS,es_AR
KTM,300,300 EXC TPI ENDURO,es_AR
KTM,300,300 EXC TPI EZBERGRODEO,es_AR
KTM,300,300 EXC TPI SIX DAYS,es_AR
KTM,300,300 XC CROSS,es_AR
KTM,350,350 EXC-F ENDURO,es_AR
KTM,350,350 EXC-F SIX DAYS ENDURO,es_AR
KTM,350,350 SX-F CROSS,es_AR
KTM,390,390 RC,es_AR
KTM,450,450 EXC-F ENDURO,es_AR
KTM,450,450 EXC-F SIX DAYS ENDURO,es_AR
KTM,450,450 EXC-R,es_AR
KTM,450,450 SX-F CROSS,es_AR
KTM,50,50 SX CROSS,es_AR
KTM,500,500 EXC F ENDURO,es_AR
KTM,500,500 EXC F SIX DAYS ENDURO,es_AR
KTM,65,65 SX CROSS,es_AR
KTM,690,690 ENDURO R,es_AR
KTM,690,690 SMC R SUPERMOTO,es_AR
KTM,85,85 SX CROSS,es_AR
KTM,ADVENTURE,ADVENTURE 990 R,es_AR
KTM,ADVENTURE,ADVENTURE 1090,es_AR
KTM,ADVENTURE,ADVENTURE 1090 R,es_AR
KTM,ADVENTURE,ADVENTURE 1190,es_AR
KTM,ADVENTURE,ADVENTURE 1290 R,es_AR
KTM,ADVENTURE,ADVENTURE 390,es_AR
KTM,ADVENTURE,ADVENTURE 790 R,es_AR
KTM,ADVENTURE,ADVENTURE 790 S,es_AR
KTM,DUKE,DUKE 200 NAKED,es_AR
KTM,DUKE,DUKE 250 NAKED,es_AR
KTM,DUKE,DUKE 390 NAKED,es_AR
KTM,DUKE,DUKE 690 NAKED,es_AR
KTM,DUKE,DUKE 790 NAKED,es_AR
KTM,DUKE,DUKE 890 R,es_AR
KTM,SUPER,SUPER ADVENTURE 1290 R,es_AR
KTM,SUPER,SUPER ADVENTURE 1290 S,es_AR
KTM,SUPER,SUPER DUKE 1290 GT,es_AR
KTM,SUPER,SUPER DUKE 1290 R,es_AR
KYMCO,ACTIV,ACTIV 110,es_AR
KYMCO,ACTIV,ACTIV 125,es_AR
KYMCO,AGILITY,AGILITY 50,es_AR
KYMCO,AGILITY,AGILITY 125,es_AR
KYMCO,AGILITY,AGILITY 125 NAKED,es_AR
KYMCO,AGILITY,AGILITY 200 CC,es_AR
KYMCO,AK,AK 550,es_AR
KYMCO,AXR110,AXR 110,es_AR
KYMCO,BET,BET&WIN 250,es_AR
KYMCO,BULL,BULL 500 4X4,es_AR
KYMCO,DINK,DINK 150,es_AR
KYMCO,DJ,DJ 50R,es_AR
KYMCO,DOWNTOWN,DOWNTOWN 300I,es_AR
KYMCO,DOWNTOWN,DOWNTOWN 350I,es_AR
KYMCO,GRAND,GRAND DINK 150,es_AR
KYMCO,GRAND,GRAND DINK 250,es_AR
KYMCO,GRAND,GRAND KING 125 NEW,es_AR
KYMCO,HEROISM,HEROISM 125,es_AR
KYMCO,HIPSTER,HIPSTER 125,es_AR
IMSA,100R,ROAD,es_AR
IMSA,110,IMSA 110,es_AR
IMSA,125,IMSA 125,es_AR
IMSA,150,IMSA 150,es_AR
KYMCO,KB,KB 100,es_AR
KYMCO,LIKE,LIKE 125,es_AR
KYMCO,LIKE,LIKE 200 I,es_AR
KYMCO,MXER,MXER 50 R,es_AR
KYMCO,MXER,MXER 90 R,es_AR
KYMCO,MXER,MXER 150,es_AR
KYMCO,MXER,MXER 200 R,es_AR
KYMCO,MXER,MXER 250 R,es_AR
KYMCO,MXU,MXU 150,es_AR
KYMCO,MXU,MXU 250,es_AR
KYMCO,MXU,MXU 300,es_AR
KYMCO,MXU,MXU 375 4X4,es_AR
KYMCO,MXU,MXU 500 4X4,es_AR
KYMCO,NEW,NEW LIKE 150,es_AR
KYMCO,PEOPLE,PEOPLE 150 S,es_AR
KYMCO,PEOPLE,PEOPLE 200 S,es_AR
KYMCO,PEOPLE,PEOPLE 250,es_AR
KYMCO,PEOPLE,PEOPLE 300 GTI,es_AR
KYMCO,PLEASURE,PLEASURE 125 NEW,es_AR
KYMCO,PRONTO,PRONTO 125 XJR NEW,es_AR
KYMCO,PULSAR,PULSAR 125,es_AR
KYMCO,QUANNON,QUANNON 125,es_AR
KYMCO,SPIKE,SPIKE 125,es_AR
KYMCO,STRYKER,STRYKER 125,es_AR
KYMCO,STRYKER,STRYKER 150,es_AR
KYMCO,SUPER,SUPER 9 50 AIR,es_AR
KYMCO,TOP,TOP BOY 100,es_AR
KYMCO,UXV,UXV 700I 4WD,es_AR
KYMCO,VENOX,VENOX 250,es_AR
KYMCO,VISA,VISA R 110,es_AR
KYMCO,X-TOWN,X TOWN 250,es_AR
KYMCO,XCITING,XCITING 500,es_AR
KYMCO,YUP,YUP 50,es_AR
KYMCO,ZING,ZING 150,es_AR
KYMCO,ZX50,ZX 50,es_AR
LEGNANO,110,110 CAPRI,es_AR
LEGNANO,110,110 IMOLA,es_AR
LEGNANO,VERONA,125 VERONA,es_AR
LEGNANO,MILANO,150 MILANO,es_AR
LEGNANO,MILANO,150 MILANO SPRINT,es_AR
LEGNANO,MONZA,150 MONZA,es_AR
LEGNANO,ELEKO,200 ELEKO F,es_AR
LEGNANO,MODENA,200 MODENA,es_AR
LIFAN,LF-13,LF-13 150,es_AR
LIFAN,LF-13,LF-13 200,es_AR
MAVERICK,100,100 WIND,es_AR
MAVERICK,110,110 F1,es_AR
MAVERICK,110,110 FOX,es_AR
MAVERICK,110,110 FOX R,es_AR
MAVERICK,110,110 SPORT CUA,es_AR
MAVERICK,110,110 TOP,es_AR
MAVERICK,110,110 XRT,es_AR
MAVERICK,125,125 CITY,es_AR
MAVERICK,125,125 SUPRA,es_AR
MAVERICK,150,150 BLACK STAR,es_AR
MAVERICK,150,150 CROSS,es_AR
MAVERICK,150,150 NEXUS,es_AR
MAVERICK,150,150 STREET,es_AR
MAVERICK,200,200 DUAL,es_AR
MAVERICK,200,200 HALLEY,es_AR
MAVERICK,200,200 SCAPE CUA,es_AR
MAVERICK,250,250 ADVENTURE,es_AR
MAVERICK,250,250 BIG FORCE CUA,es_AR
MAVERICK,250,250 MAXIM,es_AR
MAVERICK,250,250 PANTHER,es_AR
MAVERICK,70,70 GO,es_AR
ZANELLA,CECCATO,CECCATO 150 R,es_AR
ZANELLA,FX,FX 70 SERIES 4T,es_AR
ZANELLA,FX,FX 90 SERIES 4T,es_AR
ZANELLA,FX,FX 150 SERIES 4T,es_AR
ZANELLA,FX,FX 200 SPORT SERIES,es_AR
ZANELLA,GFORCE,GFORCE 250,es_AR
ZANELLA,HJ,HJ 125 4T,es_AR
ZANELLA,PATAGONIAN,PATAGONIAN EAGLE 150,es_AR
ZANELLA,PATAGONIAN,PATAGONIAN EAGLE 250,es_AR
ZANELLA,PATAGONIAN,PATAGONIAN EAGLE 250 2,es_AR
ZANELLA,RX,RX 150 G3,es_AR
ZANELLA,RX,RX 150 Z6,es_AR
ZANELLA,RX,RX 150 Z7,es_AR
ZANELLA,RX,RX 150 Z7 F,es_AR
ZANELLA,RX1,RX1 150,es_AR
ZANELLA,RZ7,RZ7,es_AR
ZANELLA,ZB,ZB 110 AT,es_AR
ZANELLA,ZB,ZB 110 LE,es_AR
ZANELLA,ZB,ZB 110 LT,es_AR
ZANELLA,ZB,ZB 110 RT,es_AR
ZANELLA,ZB,ZB 110 Z1,es_AR
ZANELLA,ZB,ZB 110 Z1 AUTOMATICA,es_AR
ZANELLA,ZB,ZB 110 Z1 FULL,es_AR
ZANELLA,ZR,ZR 150,es_AR
MONDIAL,100,100 MS E,es_AR
MONDIAL,100,100 SILVER FOX,es_AR
MONDIAL,100,100 TB,es_AR
MONDIAL,110,110 FD L,es_AR
MONDIAL,110,110 LD 3v,es_AR
MONDIAL,110,110 LD H C/D MAX,es_AR
MONDIAL,110,110 LD H S/D MAX,es_AR
MONDIAL,110,110 LD L,es_AR
MONDIAL,110,110 LD S,es_AR
MONDIAL,110,110 LD S FULL,es_AR
MONDIAL,110,110 LD Y,es_AR
MONDIAL,110,110 LD YT (TUNNING),es_AR
MONDIAL,110,110 QJ E,es_AR
MONDIAL,115,115 AX,es_AR
MONDIAL,125,125 FD,es_AR
MONDIAL,125,125 HD,es_AR
MONDIAL,125,125 MD,es_AR
MONDIAL,125,125 R MAX,es_AR
MONDIAL,125,125 RD,es_AR
MONDIAL,125,125 RV,es_AR
MONDIAL,125,125 TB,es_AR
MONDIAL,150,150 EX K,es_AR
MONDIAL,150,150 FD Q,es_AR
MONDIAL,150,150 HD,es_AR
MONDIAL,150,150 MD,es_AR
MONDIAL,150,150 MD ALLEGRO,es_AR
MONDIAL,150,150 MD C /BAUL,es_AR
MONDIAL,150,150 RD CLASSIC,es_AR
MONDIAL,150,150 RD H,es_AR
MONDIAL,150,150 RD H C/D,es_AR
MONDIAL,150,150 RD H FULL,es_AR
MONDIAL,150,150 RD L,es_AR
MONDIAL,150,150 RD STD,es_AR
MONDIAL,150,150 TD L,es_AR
MONDIAL,150,150 W CAFE RACER,es_AR
MONDIAL,150,150 W STREET TRACKER,es_AR
MONDIAL,200,200 FD RS,es_AR
MONDIAL,200,200 FD S,es_AR
MONDIAL,200,200 RD K,es_AR
MONDIAL,200,200 TD K,es_AR
MONDIAL,200,200 TD P,es_AR
MONDIAL,250,250 FD H,es_AR
MONDIAL,250,250 FD Q,es_AR
MONDIAL,250,250 FD R,es_AR
MONDIAL,250,250 FD ST,es_AR
MONDIAL,250,250 HD (2020),es_AR
MONDIAL,250,250 RD R,es_AR
MONDIAL,250,250 TD,es_AR
MONDIAL,250,250 VD P,es_AR
MONDIAL,HD254A,254 HD A,es_AR
MONDIAL,300,300 MD,es_AR
MONDIAL,50,50 FD 50 (MINI),es_AR
MONDIAL,50,50 FREE,es_AR
MONDIAL,FREE,50 FREE CARGO,es_AR
MONDIAL,50,50 KX,es_AR
MONDIAL,50,50 MONKEY,es_AR
MONDIAL,50,50 MS,es_AR
MONDIAL,50,50 MS E,es_AR
MONDIAL,50,50 SCARABEO,es_AR
MONDIAL,70,70 DAX,es_AR
MONDIAL,90,90 BD,es_AR
MONDIAL,90,90 DAX AUTOMÁTICA,es_AR
MONDIAL,W250,W 250 SPORT,es_AR
MOTOMEL,100,100 CUSTOM,es_AR
MOTOMEL,110,110 BIT,es_AR
MOTOMEL,110,110 BLITZ AUTOMATICA,es_AR
MOTOMEL,110,110 BLITZ BASE V8,es_AR
MOTOMEL,110,110 BLITZ FULL,es_AR
MOTOMEL,110,110 BLITZ TUNNING,es_AR
MOTOMEL,110,110 C ALARMA F/D A/E,es_AR
MOTOMEL,110,110 C DLX A/E,es_AR
MOTOMEL,110,110 CLIPPER A/E F/D,es_AR
MOTOMEL,110,110 DLX DELUXE,es_AR
MOTOMEL,110,110 ECO ALARMA A/E F/D,es_AR
MOTOMEL,110,110 FUNCTION0 FULL,es_AR
MOTOMEL,110,110 GORILLA,es_AR
MOTOMEL,110,110 LINX,es_AR
MOTOMEL,110,110 MAX A/E,es_AR
MOTOMEL,110,110 MX,es_AR
MOTOMEL,110,110 PX FULL,es_AR
MOTOMEL,110,110 SKORPION,es_AR
MOTOMEL,125,125 BIT A/E,es_AR
MOTOMEL,125,125 CG 4T A/E,es_AR
MOTOMEL,125,125 GO VINTAGE,es_AR
MOTOMEL,125,125 SKORPION,es_AR
MOTOMEL,125,125 SKUA,es_AR
MOTOMEL,125,125 SL,es_AR
MOTOMEL,125,125 TOP FD A/E,es_AR
MOTOMEL,125,125 X3M A/E,es_AR
MOTOMEL,150,150 CG 4T A/E,es_AR
MOTOMEL,150,150 CG SERIE 2,es_AR
MOTOMEL,150,150 CG SERIE 4,es_AR
MOTOMEL,150,150 CUSTOM A/E F/D,es_AR
MOTOMEL,150,150 FORZA,es_AR
MOTOMEL,150,150 GORILLA REV,es_AR
MOTOMEL,150,150 MILESTONE,es_AR
MOTOMEL,150,150 S2,es_AR
MOTOMEL,150,150 S2 BASE DISCO,es_AR
MOTOMEL,150,150 S2 FULL DISCO ALEAC,es_AR
MOTOMEL,150,150 S3,es_AR
MOTOMEL,150,150 SIRIUS NAKED,es_AR
MOTOMEL,150,150 SKUA CX,es_AR
MOTOMEL,150,150 SKUA SILVER EDITION LIMITED,es_AR
MOTOMEL,150,150 SKUA V6,es_AR
MOTOMEL,150,150 SR DEPORTIVA,es_AR
MOTOMEL,150,150 STRATO,es_AR
MOTOMEL,STRATO,150 STRATO ALPINO,es_AR
MOTOMEL,150,150 STRATO EURO,es_AR
MOTOMEL,150,150 SUN TRIKE,es_AR
MOTOMEL,150,150 SYM FIDDLE II,es_AR
MOTOMEL,150,150 TCP,es_AR
MOTOMEL,150,150 TRICARGO,es_AR
MOTOMEL,150,150 VX,es_AR
MOTOMEL,150,150 VX RACING,es_AR
MOTOMEL,MEDAL,170 MEDAL,es_AR
MOTOMEL,175,175 MEDAL,es_AR
MOTOMEL,190,190 SIRIUS,es_AR
MOTOMEL,200,200 CG SERIE 5,es_AR
MOTOMEL,200,200 CUSTOM,es_AR
MOTOMEL,200,200 DAKAR A/E F/D,es_AR
MOTOMEL,200,200 I SYM JOYRIDE EVO,es_AR
MOTOMEL,200,200 MOTARD,es_AR
MOTOMEL,200,200 PITBULL,es_AR
MOTOMEL,200,200 SIRIUS SR,es_AR
MOTOMEL,200,200 SKUA,es_AR
MOTOMEL,200,200 SR,es_AR
MOTOMEL,200,200 TCP,es_AR
MOTOMEL,200,200 TRICARGO,es_AR
MOTOMEL,250,250 CUSTOM READER,es_AR
MOTOMEL,250,250 CX XPLORA,es_AR
MOTOMEL,250,250 HAWKER,es_AR
MOTOMEL,250,250 HIOSUNG GT R,es_AR
MOTOMEL,250,250 MEGELLI R,es_AR
MOTOMEL,250,250 MX BASE,es_AR
MOTOMEL,250,250 MX FULL,es_AR
MOTOMEL,250,250 MX PRO,es_AR
MOTOMEL,250,250 QUEST,es_AR
MOTOMEL,250,250 RYDER,es_AR
MOTOMEL,250,250 S,es_AR
MOTOMEL,250,250 S6,es_AR
MOTOMEL,250,250 SIRIUS NAKED,es_AR
MOTOMEL,250,250 SKUA,es_AR
MOTOMEL,250,250 SKUA ADVENTURE,es_AR
MOTOMEL,250,250 SKUA FULL PRO,es_AR
MOTOMEL,250,250 STRATO EXECUTIVE,es_AR
MOTOMEL,250,250 TRUCKER REV CARDAN,es_AR
MOTOMEL,250,250 VOLKANO,es_AR
MOTOMEL,250,250 VOLKANO FULL,es_AR
MOTOMEL,250,250 XMM,es_AR
MOTOMEL,250,250 XMM L/N,es_AR
MOTOMEL,250,250 XPLORA,es_AR
MOTOMEL,50,50 KRAKEN,es_AR
MOTOMEL,50,50 SPEEDY,es_AR
MOTOMEL,50,50 SQ,es_AR
MOTOMEL,650,650 HIOSUNG GT R,es_AR
MOTOMEL,650,650 HYOSUNG RI,es_AR
MOTOMEL,70,70 DREAM TYD A/E F/D,es_AR
MOTOMEL,70,70 ECO A/E,es_AR
MOTOMEL,70,70 ECO CARGA,es_AR
MOTOMEL,70,70 MAX,es_AR
MOTOMEL,75,75 WASP,es_AR
MOTOMEL,80,80 STRATO FUN,es_AR
MOTOMEL,90,90 KRAKEN,es_AR
MV AGUSTA,BRUTALE,BRUTALE 675,es_AR
MV AGUSTA,BRUTALE,BRUTALE 800,es_AR
MV AGUSTA,BRUTALE,BRUTALE 800 NEW,es_AR
MV AGUSTA,BRUTALE,BRUTALE 800 ROSSO,es_AR
MV AGUSTA,BRUTALE,BRUTALE 800 RR,es_AR
MV AGUSTA,BRUTALE,BRUTALE 800 RR AMERICA,es_AR
MV AGUSTA,BRUTALE,BRUTALE 800 RR LH 44 HAMILTON,es_AR
MV AGUSTA,BRUTALE,BRUTALE 800 RR RC,es_AR
MV AGUSTA,BRUTALE,BRUTALE 1000 RR,es_AR
MV AGUSTA,BRUTALE,BRUTALE 1090 ABS,es_AR
MV AGUSTA,BRUTALE,BRUTALE 1090 ABS RR,es_AR
MV AGUSTA,BRUTALE,BRUTALE 800 RR SCS,es_AR
MV AGUSTA,DRAGSTER,DRAGSTER 800 RC,es_AR
MV AGUSTA,DRAGSTER,DRAGSTER 800 RC KIT RACING,es_AR
MV AGUSTA,DRAGSTER,DRAGSTER 800 RC SCS,es_AR
MV AGUSTA,DRAGSTER,DRAGSTER 800 ROSSO,es_AR
MV AGUSTA,DRAGSTER,DRAGSTER 800 RR,es_AR
MV AGUSTA,DRAGSTER,DRAGSTER 800 RR PIRELLI,es_AR
MV AGUSTA,DRAGSTER,DRAGSTER 800 RR SCS,es_AR
MV AGUSTA,F3,F3 675 EAS ABS,es_AR
MV AGUSTA,F3,F3 675 RC,es_AR
MV AGUSTA,F3,F3 800 EAS ABS,es_AR
MV AGUSTA,F3,F3 800 RC,es_AR
MV AGUSTA,F4,F4 1000 ABS,es_AR
MV AGUSTA,F4,F4 1000 RC,es_AR
MV AGUSTA,F4,F4 1000 RR ABS,es_AR
MV AGUSTA,RIVALE,RIVALE 800 EAS ABS,es_AR
MV AGUSTA,RUSH,RUSH 1000,es_AR
MV AGUSTA,STRADALE,STRADALE 800,es_AR
MV AGUSTA,SUPERVELOCE,SUPERVELOCE 800,es_AR
MV AGUSTA,TURISMO,TURISMO 800 VELOCE,es_AR
MV AGUSTA,TURISMO,TURISMO 800 VELOCE LUSSO,es_AR
MV AGUSTA,TURISMO,TURISMO 800 VELOCE LUSSO RC SCS,es_AR
MV AGUSTA,TURISMO,TURISMO 800 VELOCE LUSSO SCS,es_AR
MV AGUSTA,TURISMO,TURISMO 800 VELOCE ROSSO,es_AR
OKINOI,110,110 ALEACION,es_AR
OKINOI,110,110 OKN,es_AR
OKINOI,110,110 TUNING,es_AR
OKINOI,125,125,es_AR
OKINOI,125,125 DROP,es_AR
OKINOI,125,125 R,es_AR
OKINOI,125,125 ROMA,es_AR
OKINOI,125,125 TUNNING,es_AR
OKINOI,150,150 R ENDURO,es_AR
OKINOI,150,150 R N,es_AR
OKINOI,150,150 ST N,es_AR
OKINOI,150,150 STE,es_AR
OKINOI,150,150 STREET,es_AR
OKINOI,150,150 SUPERMOTARD,es_AR
OKINOI,250,250 OKN,es_AR
OKINOI,250,250 R,es_AR
OKINOI,250,250 R N,es_AR
OKINOI,300,300 OKN,es_AR
OKINOI,TRICICLO,TRICICLO ELECTRICO ( DISC),es_AR
OLMO,110,110 FLASH,es_AR
OLMO,150,150 XT,es_AR
PANTHER,110,110,es_AR
PANTHER,WR110,110 WR,es_AR
PANTHER,WR125,125 WR,es_AR
PANTHER,150,150 WR,es_AR
PANTHER,200,200 R,es_AR
PANTHER,200,200 WR,es_AR
PANTHER,250,250 WR,es_AR
PANTHER,50,50 F,es_AR
PANTHER,70F,70 F,es_AR
PANTHER,90F,90 F,es_AR
PEUGEOT MOTOS,SPEED,SPEED FIGHT 100,es_AR
PIAGGIO,150,150 HEXAGON,es_AR
PIAGGIO,150,150 M44,es_AR
PIAGGIO,150,150 VESPA LX,es_AR
PIAGGIO,250,250 BEVERLY CRUISER,es_AR
PIAGGIO,250,250 MP3 RL,es_AR
PIAGGIO,300,300 BEVERLY 300 S,es_AR
PIAGGIO,300,300 MP3,es_AR
PIAGGIO,300,300 MP3 SPORT,es_AR
PIAGGIO,400,400 X-EVO,es_AR
PIAGGIO,500,500 MP3 LT BUSINESS,es_AR
PIT BIKE,125,125 MXR,es_AR
PIT BIKE,140,140 MXR,es_AR
PIT BIKE,160,160 MXR,es_AR
PIT BIKE,50,50 MXR,es_AR
PIT BIKE,90,90 MXR,es_AR
POLARIS,RANGER,RANGER 800 RZR,es_AR
POLARIS,RANGER,RANGER 900 RZR 4P XP,es_AR
POLARIS,RANGER,RANGER 900 XT,es_AR
POLARIS,1000,RANGER 1000 XP,es_AR
POLARIS,RANGER,RANGER 570 PREMIUN,es_AR
POLARIS,RANGER,RANGER 570 PREMIUN 6 PLAZAS,es_AR
POLARIS,RZR,RZR 1000 TURBO 2 PLAZAS,es_AR
POLARIS,RZR,RZR 1000 TURBO 4 PLAZAS,es_AR
POLARIS,RZR,RZR 1000 XP,es_AR
POLARIS,RZR,RZR 1000 XP PRO PREMIUN,es_AR
POLARIS,SCRAMBLER,SCRAMBLER 850 EPS,es_AR
POLARIS,SCRAMBLER,SCRAMBLER 1000 XP,es_AR
POLARIS,SPORTSMAN,SPORTSMAN 335,es_AR
POLARIS,SPORTSMAN,SPORTSMAN 400 HO 4X4,es_AR
POLARIS,SPORTSMAN,SPORTSMAN 450,es_AR
POLARIS,SPORTSMAN,SPORTSMAN 500 ACF,es_AR
POLARIS,SPORTSMAN,SPORTSMAN 550,es_AR
POLARIS,SPORTSMAN,SPORTSMAN 570 EFI 4X4,es_AR
POLARIS,SPORTSMAN,SPORTSMAN 800 EFI 4X4,es_AR
POLARIS,SPORTSMAN,SPORTSMAN 850 EFI XP,es_AR
POLARIS,SPORTSMAN,SPORTSMAN 325 ACE 4X4 EFI,es_AR
POLARIS,SPORTSMAN,SPORTSMAN 570 TOURING,es_AR
POLARIS,TRAIL,TRAIL BLAZER 330,es_AR
RAFTER,R 150,R 150 AUTOMATICO,es_AR
RAFTER,R 250,R 250 ACL,es_AR
RAFTER,R 300,R 300,es_AR
RAFTER,R 300,R 300 4X4,es_AR
RAFTER,SL,SL 250 WCL,es_AR
ROYAL ENFIELD,HIMALAYAN,410 HIMALAYAN,es_AR
ROYAL ENFIELD,500,500 ARMY BATTLE GREEN,es_AR
ROYAL ENFIELD,500,500 BLACK,es_AR
ROYAL ENFIELD,500,500 BULLET,es_AR
ROYAL ENFIELD,500,500 BULLET TRIAL,es_AR
ROYAL ENFIELD,500,500 CLASSIC CHROME BLACK,es_AR
ROYAL ENFIELD,500,500 CLASSIC PEGASUS,es_AR
ROYAL ENFIELD,500,500 CONTINENTAL GT,es_AR
ROYAL ENFIELD,500,500 DESERT STORM,es_AR
ROYAL ENFIELD,500,500 ELECTRA,es_AR
ROYAL ENFIELD,500,500 GUN METAL GREY,es_AR
ROYAL ENFIELD,500,500 RED DITCH RED,es_AR
ROYAL ENFIELD,500,500 STEALTH BLACK,es_AR
ROYAL ENFIELD,500,500 TRIBUTE BLACK,es_AR
ROYAL ENFIELD,650,650 CONTINENTAL GT CHROME/SPECIAL,es_AR
ROYAL ENFIELD,650,650 CONTINENTAL GT CLASSIC/STD,es_AR
ROYAL ENFIELD,650,650 CONTINENTAL GT CUSTOM,es_AR
ROYAL ENFIELD,650,650 INTERCEPTOR CHROME/SPECIAL,es_AR
ROYAL ENFIELD,650,650 INTERCEPTOR CLASSIC/STD,es_AR
ROYAL ENFIELD,650,650 INTERCEPTOR CUSTOM,es_AR
SKYGO,SG,SG 100,es_AR
SKYGO,SG,SG 110 2 G,es_AR
SUMO,110,110 HOBIZ,es_AR
SUMO,110,110 SB,es_AR
SUMO,CG125,125 CG,es_AR
SUMO,125,125 SG,es_AR
SUMO,200,200 SL,es_AR
SUNRA,CAGUU,CAGUU,es_AR
SUNRA,CITYCOCO,CITYCOCO,es_AR
SUNRA,GRACE,GRACE,es_AR
SUNRA,HAWK,HAWK,es_AR
SUNRA,KING,KING KONG,es_AR
SUNRA,LEO,LEO,es_AR
SUNRA,VINTAGE,VINTAGE,es_AR
SUNRA,Z-BOT,Z-BOT,es_AR
SUPER SOCO,CPX,CPX,es_AR
SUPER SOCO,TC,TC,es_AR
SUPER SOCO,TC,TC MAX,es_AR
SUPER SOCO,TSX,TSX,es_AR
SUZUKI,AH,AH 100 ADDRESS,es_AR
SUZUKI,AN,AN 125,es_AR
SUZUKI,AX,AX 100,es_AR
SUZUKI,BURGMAN,BURGMAN 200A L8,es_AR
SUZUKI,V-STROM,DL 250A V STORM,es_AR
SUZUKI,DL,DL 650A V STROM,es_AR
SUZUKI,DL,DL 650XA V STROM,es_AR
SUZUKI,DL,DL 1000A V STROM,es_AR
SUZUKI,DL,DL 1000XA v STROM,es_AR
SUZUKI,DR,DR 250,es_AR
SUZUKI,DR,DR 350,es_AR
SUZUKI,DR,DR 650,es_AR
SUZUKI,DR-Z,DR-Z 400,es_AR
SUZUKI,EN,EN 125 2A,es_AR
SUZUKI,EN,EN 125 HU,es_AR
SUZUKI,FXR,FXR 150,es_AR
SUZUKI,GIXXER,GIXXER 150 (GSX),es_AR
SUZUKI,GN,GN 125 F,es_AR
SUZUKI,GN,GN 125 H,es_AR
SUZUKI,GS,GS 450,es_AR
SUZUKI,GS,GS 500,es_AR
SUZUKI,GS,GS 550,es_AR
SUZUKI,GSF,GSF 650 BANDIT,es_AR
SUZUKI,GSR,GSR 600,es_AR
SUZUKI,GSX,GSX 1100,es_AR
SUZUKI,GSX,GSX 1300 BK B-KING,es_AR
SUZUKI,GSX,GSX 1300 R HAYABUSA,es_AR
SUZUKI,GSX-R,GSX-R 400,es_AR
SUZUKI,GSX-R,GSX-R 600,es_AR
SUZUKI,GSX-R,GSX-R 1000,es_AR
SUZUKI,GSX-R,GSX-R 1000RA,es_AR
SUZUKI,GSX-S,GSX-S 750,es_AR
SUZUKI,GW,GW 250 INAZUMA,es_AR
SUZUKI,KATANA,KATANA 600,es_AR
SUZUKI,LT-A400,LT-A 400 KING QUAD 4X4,es_AR
SUZUKI,LT-A500,LT-A 500 KING QUAD 4X4,es_AR
SUZUKI,LT-A750,LT-A 750 KING QUAD 4X4,es_AR
SUZUKI,LT-F,LT-F 250 OZARK,es_AR
SUZUKI,LT-Z400,LT-Z 400 QUADSPORT,es_AR
SUZUKI,LT-Z,LT-Z 450 QUADRACER,es_AR
SUZUKI,RM,RM 85 L2,es_AR
SUZUKI,RM-Z,RM-Z 250,es_AR
SUZUKI,RM-Z,RM-Z 450,es_AR
SUZUKI,RMX,RMX 450 Z L2,es_AR
SUZUKI,SJ,SJ 110,es_AR
SUZUKI,SJ,SJ 110 D,es_AR
SUZUKI,SV650,SV 650,es_AR
SUZUKI,SV650,SV 650 CAFE RACER,es_AR
SUZUKI,VL,VL 800,es_AR
SUZUKI,VS,VS 700 INTRUDER,es_AR
SUZUKI,VS,VS 800 INTRUDER,es_AR
SYM,125,125 CROX,es_AR
SYM,125,125 SYMPHONY,es_AR
SYM,FIDDLE,150S FIDDLE 2,es_AR
SYM,180,180 WOLF,es_AR
SYM,200I,200I JOY RIDE EVO,es_AR
SYM,300I,300I CITYCOM S,es_AR
SYM,600I,600I MAXSYM,es_AR
TIBO,110,110 JET,es_AR
TIBO,110,110 TAZZ,es_AR
TIBO,150,150 CAT,es_AR
TIBO,150,150 RS,es_AR
TIBO,200,200 NITRO,es_AR
TIBO,200,200 R STI,es_AR
TIBO,200,200 ZONDA,es_AR
TIBO,250,250 CHARGER,es_AR
TIBO,250,250 COASTER,es_AR
TIBO,250,250 HUNTER,es_AR
TIBO,250,250 RIDER,es_AR
TIBO,250,250 SAMURAI,es_AR
TIBO,250,250 SHARK,es_AR
TRIUMPH,BONNEVILLE,BONNEVILLE 800 NEWCHURCH ED/ESPE.,es_AR
TRIUMPH,BONNEVILLE,BONNEVILLE 865 SPIRIT ED.ESPECIAL,es_AR
TRIUMPH,BONNEVILLE,BONNEVILLE 865 T 214,es_AR
TRIUMPH,BONNEVILLE,BONNEVILLE 900 T 100,es_AR
TRIUMPH,BONNEVILLE,BONNEVILLE 900 T 100 BLACK,es_AR
TRIUMPH,BONNEVILLE,BONNEVILLE 1200 BOBBER,es_AR
TRIUMPH,BONNEVILLE,BONNEVILLE 1200 BOBBER BLACK,es_AR
TRIUMPH,BONNEVILLE,BONNEVILLE 1200 SPEEDMASTER,es_AR
TRIUMPH,BONNEVILLE,BONNEVILLE 1200 T 120,es_AR
TRIUMPH,BONNEVILLE,BONNEVILLE 1200 T 120 ACE,es_AR
TRIUMPH,BONNEVILLE,BONNEVILLE 1200 T 120 BLACK,es_AR
TRIUMPH,BONNEVILLE,BONNEVILLE 1200 T 120 DIAMOND,es_AR
TRIUMPH,EXPLORER,EXPLORER 1200 XCA,es_AR
TRIUMPH,EXPLORER,EXPLORER 1200 XCX,es_AR
TRIUMPH,ROCKET,ROCKET III 2300 ROADSTER,es_AR
TRIUMPH,ROCKET,ROCKET III 2500,es_AR
TRIUMPH,SCRAMBLER,SCRAMBLER 900,es_AR
TRIUMPH,SCRAMBLER,SCRAMBLER 1200 XE,es_AR
TRIUMPH,SCRAMBLER,SCRAMBLER 1200 XC,es_AR
TRIUMPH,SPEED,SPEED TWIN 1200,es_AR
TRIUMPH,SPEEDMASTER,SPEEDMASTER 865,es_AR
TRIUMPH,STREET,STREET 765 TRIPLE R,es_AR
TRIUMPH,STREET,STREET 765 TRIPLE R LOW SEAT,es_AR
TRIUMPH,STREET,STREET 765 TRIPLE RS,es_AR
TRIUMPH,STREET,STREET 765 TRIPLE S,es_AR
TRIUMPH,STREET,STREET 900 CUP,es_AR
TRIUMPH,STREET,STREET 900 SCRAMBLER,es_AR
TRIUMPH,STREET,STREET 900 TWIN,es_AR
TRIUMPH,STREET,STREET 675 TRIPLE R,es_AR
TRIUMPH,THRUXTON,THRUXTON 900,es_AR
TRIUMPH,THRUXTON,THRUXTON 1200,es_AR
TRIUMPH,THRUXTON,THRUXTON 1200 R,es_AR
TRIUMPH,TIGER,TIGER 800 XCA,es_AR
TRIUMPH,TIGER,TIGER 800 XCX,es_AR
TRIUMPH,TIGER,TIGER 800 XRX,es_AR
TRIUMPH,TIGER,TIGER 800 XRX LOW,es_AR
TRIUMPH,TIGER,TIGER 1200 XCA,es_AR
TRIUMPH,TIGER,TIGER 1200 XCX,es_AR
TRIUMPH,TIGER,TIGER 1200 XR,es_AR
TRIUMPH,TIGER,TIGER 1200 XRT,es_AR
TRIUMPH,TIGER,TIGER 1200 XRX,es_AR
TRIUMPH,TIGER,TIGER 1200 XRX LOW,es_AR
TRIUMPH,TROPHY,TROPHY 1200 SE,es_AR
TVS,125,125 SCOOTER NTORQ,es_AR
TVS,160,160 RTR,es_AR
TVS,200,200 RTR,es_AR
TVS,200,200 RTR FI,es_AR
TVS,310,310 RR,es_AR
TVS,310,310 RR RACING RT,es_AR
VELIMOTOR,125,125 SUPERCITY,es_AR
VELIMOTOR,250,250 VL ST-6,es_AR
VENTO,150,150 C,es_AR
VENTO,200,200 VL ST6,es_AR
VENTO,200,200 VL ST7,es_AR
VENTO,70,70 ST D,es_AR
VESPA,150,150 VXL,es_AR
VESPA,150,150 VXL ELEGANTE,es_AR
VESPA,150,150 SXL,es_AR
VESPA,150I,150I PRIMAVERA ABS,es_AR
VESPA,150I,150I SPRINT SPORT ABS,es_AR
VESPA,150I,150I TOURING ABS,es_AR
VESPA,300I,300I GTS ABS,es_AR
VESPA,300I,300I GTS SUPER,es_AR
VOGE,300,300 AC,es_AR
VOGE,300,300 DS,es_AR
VOGE,300,300 R,es_AR
VOGE,300,300 RR,es_AR
VOGE,500,500 DS,es_AR
VOGE,500,500 R,es_AR
VOGE,650,650 DS,es_AR
XQUAD,ATV,ATV 250,es_AR
XSCREEMS,125,125 AVALON,es_AR
XSCREEMS,125,125 XGJ,es_AR
XSCREEMS,150,150 X-KAPTOR,es_AR
XSCREEMS,200,200 NEW,es_AR
XSCREEMS,200,200 X-REACTOR,es_AR
XSCREEMS,250,250 AGRO TRACK ST-W,es_AR
XSCREEMS,250,250 AVALON,es_AR
XSCREEMS,250,250 COUNTRY ST 02B,es_AR
XSCREEMS,300,300 X-PREDATOR ST 01,es_AR
YAMAHA,FZ,1000 FZ 1,es_AR
YAMAHA,FZ,1000 FZ 1-S,es_AR
YAMAHA,MT,1000 MT 10 ABS,es_AR
YAMAHA,YZF-R1,1000 YZF-R1,es_AR
YAMAHA,YZF-R1,1000 YZF-R1 M,es_AR
YAMAHA,105,105 T E,es_AR
YAMAHA,105,105 T TD CRYPTON,es_AR
YAMAHA,110,110 NEW CRYPTON,es_AR
YAMAHA,110,110 NEW CRYPTON DISCO,es_AR
YAMAHA,110,110 T DISK,es_AR
YAMAHA,1100,1100 A XVS,es_AR
YAMAHA,115,115 RAY ZR CIGNUS,es_AR
YAMAHA,115,115 XC B,es_AR
YAMAHA,1200,1200 V-MAX,es_AR
YAMAHA,1200,1200 XT Z SUPER TENERE,es_AR
YAMAHA,125,125 DT,es_AR
YAMAHA,125,125 LCX FASCINO,es_AR
YAMAHA,125,125 TTR,es_AR
YAMAHA,125,125 XTZ,es_AR
YAMAHA,125,125 YBR E,es_AR
YAMAHA,125,125 YBR ED,es_AR
YAMAHA,125,125 YBR R,es_AR
YAMAHA,125,125 YBR Z,es_AR
YAMAHA,125,125 YZ,es_AR
YAMAHA,1300,1300 A XVS,es_AR
YAMAHA,1300,1300 FJR A,es_AR
YAMAHA,1300,1300 FJR AS,es_AR
YAMAHA,1300,1300 XJR STREET 4T,es_AR
YAMAHA,FAZER,150 FAZER FI SPORT,es_AR
YAMAHA,FZ,150 FZ FI S,es_AR
YAMAHA,FZ-SD,150 FZ-SD,es_AR
YAMAHA,SZ,150 SZ RR 2.0,es_AR
YAMAHA,XTZ,150 XTZ,es_AR
YAMAHA,YZF-R15,150 YZF-R15,es_AR
YAMAHA,NM-X,155 NM-X,es_AR
YAMAHA,FZ,160 FZ 16,es_AR
YAMAHA,FZ,160 FZ FI,es_AR
YAMAHA,1700,1700 MT 01,es_AR
YAMAHA,1700,1700 V-MAX STREET 4 T,es_AR
YAMAHA,175,175 DT ENDURO,es_AR
YAMAHA,1900,1900 A XVS,es_AR
YAMAHA,200,200 DT ENDURO,es_AR
YAMAHA,225,225 XT E,es_AR
YAMAHA,230,230 TTR T,es_AR
YAMAHA,250,250 FZ 25,es_AR
YAMAHA,250,250 WR,es_AR
YAMAHA,250,250 WRF,es_AR
YAMAHA,250,250 X-MAX,es_AR
YAMAHA,250,250 XTZ,es_AR
YAMAHA,250,250 XTZ ABS,es_AR
YAMAHA,250,250 XTZ ADVENTURE TENERE,es_AR
YAMAHA,250,250 XV VIRAGO,es_AR
YAMAHA,250,250 YBR ED,es_AR
YAMAHA,250,250 YS,es_AR
YAMAHA,250,250 YS FAZER,es_AR
YAMAHA,250,250 YZ,es_AR
YAMAHA,250,250 YZ F,es_AR
YAMAHA,250,250 YZ FX,es_AR
YAMAHA,250,250 YZ X,es_AR
YAMAHA,300,300 MT 03,es_AR
YAMAHA,300,300 MT 03 L/N (2021),es_AR
YAMAHA,300,300 YZF-R3,es_AR
YAMAHA,350,350 RD-R,es_AR
YAMAHA,400,400 XS,es_AR
YAMAHA,400,400 YP,es_AR
YAMAHA,450,450 WRF,es_AR
YAMAHA,450,450 YZ F,es_AR
YAMAHA,450,450 YZ FX,es_AR
YAMAHA,50,50 PW,es_AR
YAMAHA,500,500 XP,es_AR
YAMAHA,500,500 XP-A,es_AR
YAMAHA,530,530 TMAX DX,es_AR
YAMAHA,535,535 XV VIRAGO,es_AR
YAMAHA,600,600 FZ 6,es_AR
YAMAHA,600,600 FZR GENESIS,es_AR
YAMAHA,600,600 N XJ6 DIVERSION,es_AR
YAMAHA,600,600 XT,es_AR
YAMAHA,600,600 YZF-R6,es_AR
YAMAHA,650,650 A XVS,es_AR
YAMAHA,700,700 MT 07,es_AR
YAMAHA,700,700 MT 07 TRACER,es_AR
YAMAHA,700,700 VIKING 6P,es_AR
YAMAHA,700,700 VIKING EDIC LIM,es_AR
YAMAHA,700,700 XSR,es_AR
YAMAHA,XJ,750 XJ,es_AR
YAMAHA,XTZ,750 XTZ SUPER TENERE,es_AR
YAMAHA,XV,750 XV VIRAGO,es_AR
YAMAHA,FZ,800 FZ 8,es_AR
YAMAHA,YZ,85 YZ,es_AR
YAMAHA,YZ,85 YZ LW,es_AR
YAMAHA,TDM,850 TDM,es_AR
YAMAHA,90,90 AXIS,es_AR
YAMAHA,900,900 MT 09,es_AR
YAMAHA,900,900 MT 09 TRACER,es_AR
YAMAHA,900,900 TDM,es_AR
YAMAHA,900,900 TDM ABS,es_AR
YAMAHA,900,900 XSR,es_AR
YAMAHA,950,950 A XVS,es_AR
YAMAHA,950,950 R XV,es_AR
YAMAHA,YFM,YFM 90 R,es_AR
YAMAHA,YFM,YFM 125 GRIZZLY,es_AR
YAMAHA,YFM,YFM 125 RAPTOR,es_AR
YAMAHA,YFM,YFM 250 BEAR/GRIZZLY,es_AR
YAMAHA,YFM,YFM 250 RAPTOR,es_AR
YAMAHA,YFM,YFM 250 RAPTOR SE,es_AR
YAMAHA,YFM,YFM 300 GRIZZLY,es_AR
YAMAHA,YFM,YFM 350 AS WOLVERINE,es_AR
YAMAHA,YFM350,YFM 350 FWA AUTO 4X4,es_AR
YAMAHA,YFM350,YFM 350 FWA GRIZZLY 4X4,es_AR
YAMAHA,YFM350,YFM 350 GRIZZLY AUTO,es_AR
YAMAHA,YFM,YFM 350 RAPTOR,es_AR
YAMAHA,YFM,YFM 450 FAS WOLVERINE,es_AR
YAMAHA,YFM450,YFM 450 FWA GRIZZLY 4X4,es_AR
YAMAHA,YFM,YFM 550 FWA GRIZZLY 4X4,es_AR
YAMAHA,YFM,YFM 550 FWA GRIZZLY 4X4 SE,es_AR
YAMAHA,YFM,YFM 660 FWA AUTO,es_AR
YAMAHA,YFM,YFM 700 GRIZZLY EPS SE,es_AR
YAMAHA,YFM700,YFM 700 GRIZZLY 4X4 HUNTING,es_AR
YAMAHA,YFM,YFM 700 GRYZZLY 4x4,es_AR
YAMAHA,YFM,YFM 700 KODIAK EPS SE,es_AR
YAMAHA,YFM,YFM 700 R SE,es_AR
YAMAHA,YFM,YFM 700 RAPTOR DAKAR,es_AR
YAMAHA,YFM,YFM 700 RAPTOR R,es_AR
YAMAHA,YFS,YFS 200 BLASTER,es_AR
YAMAHA,YFZ,YFZ 50,es_AR
YAMAHA,YFZ,YFZ 350 BANSHEE,es_AR
YAMAHA,YFZ,YFZ 350R RAPTOR,es_AR
YAMAHA,YFZ,YFZ 350R RAPTOR SE,es_AR
YAMAHA,YFZ,YFZ 450,es_AR
YAMAHA,YFZ,YFZ 450 FAS WOLVERINE 4X4,es_AR
YAMAHA,YFZ,YFZ 450 R,es_AR
YAMAHA,YFZ,YFZ 450 R SE,es_AR
YAMAHA,YFZ,YFZ 450 SE,es_AR
YAMAHA,YMF,YMF 80 W RAPTOR,es_AR
YAMAHA,YXC,YXC 700 ES VIKING VI EPS,es_AR
YAMAHA,YXE,YXE 700 ES WOLVERINE,es_AR
YAMAHA,YXM,YXM 700 ES VIKING EPS,es_AR
YAMAHA,YXR,YXR 700 F RHINO,es_AR
YAMAHA,YXZ,YXZ 1000 R UTV,es_AR
ZANELLA,BLACK,BLACK BULL V 250 I,es_AR
ZANELLA,CECCATO,CECCATO 60 COLLEZIONE,es_AR
ZANELLA,CECCATO,CECCATO 60 SERIES,es_AR
ZANELLA,CECCATO,CECCATO 150 R,es_AR
ZANELLA,CECCATO,CECCATO 250 V I,es_AR
ZANELLA,CECCATO,CECCATO 250 X,es_AR
ZANELLA,CRAZY,CRAZY 70,es_AR
ZANELLA,CRUISER,CRUISER X,es_AR
ZANELLA,DELIVERY,DELIVERY 50 2T,es_AR
ZANELLA,DELIVERY,DELIVERY 70 4T,es_AR
ZANELLA,DELIVERY,DELIVERY 90 4T,es_AR
ZANELLA,DELIVERY,DELIVERY 100 4T,es_AR
ZANELLA,DELIVERY,DELIVERY 110 4T,es_AR
ZANELLA,DUE,DUE 110,es_AR
ZANELLA,DUE,DUE 110 CLASSIC FULL,es_AR
ZANELLA,DUE,DUE 110 CLASSIC G2,es_AR
ZANELLA,DUE,DUE 110 LUXURY,es_AR
ZANELLA,DUE,DUE 110 NEW 2019,es_AR
ZANELLA,DUE,DUE 110 SPORT,es_AR
ZANELLA,DUE,DUE 125 SPORT,es_AR
ZANELLA,E STYLER,E-STYLER (ELECTRICA),es_AR
ZANELLA,EXCLUSIVE,EXCLUSIVE 150 L/18,es_AR
ZANELLA,EXCLUSIVE,EXCLUSIVE 150 EDIZIONE L/18,es_AR
ZANELLA,EXCLUSIVE,EXCLUSIVE 150 PRIMA,es_AR
ZANELLA,EXPLORER,EXPLORER 200,es_AR
ZANELLA,EXPLORER,EXPLORER 250,es_AR
ZANELLA,FX,FX 50 KIDS,es_AR
ZANELLA,FX,FX 90 CARGO,es_AR
ZANELLA,FX,FX 90 KID SPORT,es_AR
ZANELLA,FX,FX 90 SERIES 4T,es_AR
ZANELLA,FX,FX 125 MAD MAX,es_AR
ZANELLA,FX,FX 150 CARGO,es_AR
ZANELLA,FX,FX 150 MAD MAX,es_AR
ZANELLA,FX,FX 200 MAD MAX,es_AR
ZANELLA,FX,FX 250 MAD MAX,es_AR
ZANELLA,FX,FX 250 MAD MAX KING,es_AR
ZANELLA,FX,FX 300 MAD MAX,es_AR
ZANELLA,FX,FX 300 SCORPION SERIES,es_AR
ZANELLA,FX,FX 400 SPORT SERIES 4T,es_AR
ZANELLA,GFORCE,GFORCE 200,es_AR
ZANELLA,GFORCE,GFORCE 250 PARRILLERO,es_AR
ZANELLA,GFORCE,GFORCE 250 R,es_AR
ZANELLA,GFORCE,GFORCE 500 4T,es_AR
ZANELLA,GFORCE,GFORCE 700,es_AR
ZANELLA,GT2,GT2 200,es_AR
ZANELLA,GT2I,GT2I 200,es_AR
ZANELLA,HJ,HJ 110,es_AR
ZANELLA,HJ,HJ 125,es_AR
ZANELLA,HOT,HOT 90 CHILI,es_AR
ZANELLA,HOT,HOT 90 G2,es_AR
ZANELLA,HOT,HOT 90 SWEET,es_AR
ZANELLA,KEEWAY,KEEWAY 110,es_AR
ZANELLA,KEEWAY,KEEWAY 125 TARGET,es_AR
ZANELLA,KEEWAY,KEEWAY 150 RK,es_AR
ZANELLA,KEEWAY,KEEWAY 150 RKS,es_AR
ZANELLA,KEEWAY,KEEWAY 200 RKV,es_AR
ZANELLA,KEEWAY,KEEWAY 200 TX,es_AR
ZANELLA,KEEWAY,KEEWAY 200 TXM,es_AR
ZANELLA,KEEWAY,KEEWAY 250 SPEED CRUISER,es_AR
ZANELLA,MADASS,MADASS 125,es_AR
ZANELLA,MOD,MOD 150 VINTAGE,es_AR
ZANELLA,MOTONETA,MOTONETA 110 VINTAGE,es_AR
ZANELLA,MXR,MXR 50,es_AR
ZANELLA,NEW,NEW FIRE 50,es_AR
ZANELLA,NEW,NEW FIRE 70,es_AR
ZANELLA,NEW,NEW FIRE 90 4T,es_AR
ZANELLA,PATAGONIA,PATAGONIA 150 ST,es_AR
ZANELLA,PATAGONIA,PATAGONIA 200,es_AR
ZANELLA,PATAGONIAN,PATAGONIAN EAGLE 125,es_AR
ZANELLA,PATAGONIAN,PATAGONIAN EAGLE 150,es_AR
ZANELLA,PATAGONIAN,PATAGONIAN EAGLE 200,es_AR
ZANELLA,PATAGONIAN,PATAGONIAN EAGLE 250,es_AR
ZANELLA,PATAGONIAN,PATAGONIAN EAGLE 250 II,es_AR
ZANELLA,PATAGONIAN,PATAGONIAN EAGLE 350 CHOPPER,es_AR
ZANELLA,POCKET,POCKET 50,es_AR
ZANELLA,QUAD,QUAD 70 MINI,es_AR
ZANELLA,QUAD,QUAD 110 ZCT,es_AR
ZANELLA,RAPTOR,RAPTOR 110,es_AR
ZANELLA,RKS,RKS 150,es_AR
ZANELLA,RKS,RKS 200 GS,es_AR
ZANELLA,RX,RX 125,es_AR
ZANELLA,RX,RX 125 SPORT,es_AR
ZANELLA,RX,RX 125 SPORT FULL,es_AR
ZANELLA,RX,RX 150 G3,es_AR
ZANELLA,RX,RX 150 G4 FULL,es_AR
ZANELLA,RX,RX 150 GHOST,es_AR
ZANELLA,RX,RX 150 NEXT,es_AR
ZANELLA,RX,RX 150 R,es_AR
ZANELLA,RX,RX 150 Z6,es_AR
ZANELLA,RX,RX 150 Z7,es_AR
ZANELLA,RX,RX 150 Z7 FULL,es_AR
ZANELLA,RX,RX 200,es_AR
ZANELLA,RX,RX 200 MONACO,es_AR
ZANELLA,RX,RX 200 NAKED,es_AR
ZANELLA,RX,RX 200 NEXT,es_AR
ZANELLA,RX,RX 200 RE,es_AR
ZANELLA,RX,RX 250,es_AR
ZANELLA,RX,RX 350 NAKED,es_AR
ZANELLA,RX1,RX1 150,es_AR
ZANELLA,RX1,RX1 200,es_AR
ZANELLA,RX1,RX1 250 OHC,es_AR
ZANELLA,RZ,RZ 20,es_AR
ZANELLA,RZ,RZ 25 R,es_AR
ZANELLA,RZ,RZ 35 R,es_AR
ZANELLA,RZ3,RZ3 249,es_AR
ZANELLA,RZ3,RZ3 292,es_AR
ZANELLA,RZ3,RZ3 292 PIRELLI NEW,es_AR
ZANELLA,RZ3,RZ3 292 R,es_AR
ZANELLA,RZ35,RZ35 320 RR,es_AR
ZANELLA,RZ7I,RZ7I 650,es_AR
ZANELLA,S-TRUCK,S-TRUCK 200,es_AR
ZANELLA,S-TRUCK,S-TRUCK 200 D4,es_AR
ZANELLA,SAPUCAI,SAPUCAI 125,es_AR
ZANELLA,SAPUCAI,SAPUCAI 150 Z3,es_AR
ZANELLA,SAPUCAI,SAPUCAI 150 Z3 F,es_AR
ZANELLA,SEXY,SEXY 110,es_AR
ZANELLA,SEXY,SEXY 125,es_AR
ZANELLA,SOL,SOL 50,es_AR
ZANELLA,SOL,SOL 70,es_AR
ZANELLA,SOL,SOL 100 4T AUTOMATICA,es_AR
ZANELLA,SOL,SOL 110 BUSINESS 4T,es_AR
ZANELLA,SPEED,SPEED 150 LIGHT,es_AR
ZANELLA,SPEED,SPEED 200 LIGHT,es_AR
ZANELLA,SPEED,SPEED 250 CRUISER,es_AR
ZANELLA,STYLER,STYLER 50,es_AR
ZANELLA,STYLER,STYLER 125 CRUISER,es_AR
ZANELLA,STYLER,STYLER 125 EXCLUSIVE,es_AR
ZANELLA,STYLER,STYLER 125 SPORT,es_AR
ZANELLA,STYLER,STYLER 150 CRUISER X,es_AR
ZANELLA,STYLER,STYLER 150 EXCLUSIVE Z3,es_AR
ZANELLA,STYLER,STYLER 150 LT,es_AR
ZANELLA,STYLER,STYLER 150 R16,es_AR
ZANELLA,STYLER,STYLER 150 RS,es_AR
ZANELLA,STYLER,STYLER 150 RT,es_AR
ZANELLA,STYLER,STYLER 250 CRUISER,es_AR
ZANELLA,STYLER,STYLER 250 CRUISER FANGIO EDITION,es_AR
ZANELLA,SWING,SWING 110 BASE,es_AR
ZANELLA,SWING,SWING 110 FULL,es_AR
ZANELLA,SWING,SWING 110 G2,es_AR
ZANELLA,TRICARGO,TRICARGO 70 AT,es_AR
ZANELLA,TRICARGO,TRICARGO 90,es_AR
ZANELLA,TRICARGO,TRICARGO 100,es_AR
ZANELLA,TRICARGO,TRICARGO 110 4T,es_AR
ZANELLA,TRICARGO,TRICARGO 125 MAX 4T,es_AR
ZANELLA,TRICARGO,TRICARGO 200,es_AR
ZANELLA,TX,TX 200,es_AR
ZANELLA,TXM,TXM 200,es_AR
ZANELLA,VENTO,VENTO 150,es_AR
ZANELLA,Z-CAP,Z-CAP 125,es_AR
ZANELLA,ZB,ZB 110 AT NEW,es_AR
ZANELLA,ZB,ZB 110 G4 ARRANQUE ELECTRICO,es_AR
ZANELLA,ZB,ZB 110 LE NEW,es_AR
ZANELLA,ZB,ZB 110 LT NEW,es_AR
ZANELLA,ZB,ZB 110 R FULL,es_AR
ZANELLA,ZB,ZB 110 R FULL MP3,es_AR
ZANELLA,ZB,ZB 110 RT NEW,es_AR
ZANELLA,ZB,ZB 110 SHARK,es_AR
ZANELLA,ZB,ZB 110 SHARK FULL,es_AR
ZANELLA,ZB,ZB 110 Z1 AT,es_AR
ZANELLA,ZB,ZB 110 Z1 BASE,es_AR
ZANELLA,ZB,ZB 110 Z1 FULL,es_AR
ZANELLA,ZB,ZB 125 R,es_AR
ZANELLA,ZB,ZB 125 R XENON MP3,es_AR
ZANELLA,ZCT,ZCT 110 4T AUT,es_AR
ZANELLA,ZCT,ZCT 150 4T AUT.,es_AR
ZANELLA,ZMAX,ZMAX 200 D4,es_AR
ZANELLA,ZMAX,ZMAX 200 S,es_AR
ZANELLA,ZMAX,ZMAX 200 W Z3,es_AR
ZANELLA,ZMAX,ZMAX 200 W Z4,es_AR
ZANELLA,ZMAX,ZMAX 200 Z4,es_AR
ZANELLA,ZR,ZR 125,es_AR
ZANELLA,ZR,ZR 150,es_AR
ZANELLA,ZR,ZR 150 L/18,es_AR
ZANELLA,ZR,ZR 150 (LTE),es_AR
ZANELLA,ZR,ZR 150 OHC,es_AR
ZANELLA,ZR,ZR 200 OHC,es_AR
ZANELLA,ZR,ZR 250 GT,es_AR
ZANELLA,ZR,ZR 250 GTA,es_AR
ZANELLA,ZR,ZR 250 LT,es_AR
ZANELLA,ZR,ZR 250 OHC,es_AR
ZANELLA,ZR,ZR 250 OHC4,es_AR
ZANELLA,ZSC,ZSC 125,es_AR
ZANELLA,ZTT,ZTT 125,es_AR
ZANELLA,ZTT,ZTT 200 ENDURO,es_AR
ZANELLA,ZTT,ZTT 200 MOTARD,es_AR
ZANELLA,ZTT,ZTT 200 ZR,es_AR
ZANELLA,ZTT,ZTT 250 ENDURO,es_AR
ZANELLA,ZTT,ZTT 250 SUPERMOTARD,es_AR
